customer_id,customer_gender,customer_age,customer_education,kids_home,teens_home,latitude,longitude,customer_loyalty,typical_hour,distinct_stores_visited,total_distinct_products,percentage_of_products_bought_promotion,number_complaints,spend_groceries,spend_electronics,spend_vegetables,spend_nonalcohol_drinks,spend_alcohol_drinks,spend_meat,spend_fish,spend_hygiene,spend_videogames,percentage_spend_groceries,percentage_spend_electronics,percentage_spend_vegetables,percentage_spend_nonalcohol_drinks,percentage_spend_alcohol_drinks,percentage_spend_meat,percentage_spend_fish,percentage_spend_hygiene,percentage_spend_videogames,cluster_ward2,cluster_st_ward3
154,1,60,3,1,0,38.71536846785528,-9.197415606261474,1,11,1,92,0.2058527783449854,2,338,11,99,104,185,51,50,54,0,0.3789237668161435,0.0123318385650224,0.1109865470852018,0.116591928251121,0.2073991031390134,0.0571748878923766,0.0560538116591928,0.0605381165919282,0.0,0,2
194,0,61,1,0,1,38.76028693167333,-9.14820048984862,1,10,1,115,0.2037284370418694,3,170,12,106,103,183,30,84,50,0,0.2303523035230352,0.016260162601626,0.1436314363143631,0.1395663956639566,0.2479674796747967,0.040650406504065,0.1138211382113821,0.067750677506775,0.0,0,2
429,0,63,2,1,1,38.77284261338368,-9.166869620208276,1,11,1,103,0.1996434430481509,1,195,15,105,96,207,35,74,56,0,0.2490421455938697,0.0191570881226053,0.1340996168582375,0.1226053639846743,0.264367816091954,0.0446998722860791,0.0945083014048531,0.0715197956577266,0.0,0,2
478,1,63,0,0,1,38.77112402998262,-9.144961797951774,1,10,1,80,0.2074738982223118,6,223,10,101,97,282,72,34,46,0,0.2578034682080924,0.0115606936416184,0.1167630057803468,0.1121387283236994,0.3260115606936416,0.0832369942196531,0.0393063583815028,0.053179190751445,0.0,0,2
492,0,83,0,1,1,38.78027900336389,-9.167630840515336,1,10,1,105,0.2040061845273995,5,236,12,95,98,317,43,45,44,0,0.2651685393258427,0.0134831460674157,0.1067415730337078,0.1101123595505618,0.3561797752808989,0.048314606741573,0.0505617977528089,0.049438202247191,0.0,0,2
530,1,65,0,1,1,38.74346125234628,-9.134821388439844,1,10,1,90,0.1918217311343287,5,213,13,99,108,140,31,21,53,0,0.3141592920353982,0.0191740412979351,0.1460176991150442,0.1592920353982301,0.2064896755162241,0.0457227138643067,0.0309734513274336,0.0781710914454277,0.0,0,2
629,0,65,0,0,1,38.72623518478236,-9.148752394518311,1,10,1,95,0.1990428928246656,2,234,13,99,93,201,45,33,48,0,0.3054830287206266,0.0169712793733681,0.129242819843342,0.1214099216710182,0.2624020887728459,0.0587467362924282,0.0430809399477806,0.06266318537859,0.0,0,2
665,1,80,0,1,1,38.76900323983337,-9.186892731468584,1,10,1,102,0.1951499848050243,8,163,10,105,107,297,43,42,52,0,0.199023199023199,0.0122100122100122,0.1282051282051282,0.1306471306471306,0.3626373626373626,0.0525030525030525,0.0512820512820512,0.0634920634920634,0.0,0,2
770,0,71,0,1,1,38.764875098799415,-9.210352426483528,1,11,1,109,0.2053487397703967,8,203,11,98,101,334,104,68,52,0,0.2090628218331617,0.0113285272914521,0.1009268795056642,0.1040164778578784,0.3439752832131822,0.1071060762100926,0.0700308959835221,0.0535530381050463,0.0,0,2
806,1,73,0,0,0,38.77642118740636,-9.133340762880202,0,10,1,104,0.1954090776854253,5,178,9,95,97,469,2,94,43,0,0.1803444782168186,0.0091185410334346,0.0962512664640324,0.0982776089159067,0.475177304964539,0.0020263424518743,0.0952380952380952,0.0435663627152988,0.0,0,2
886,0,74,0,1,0,38.720152345482894,-9.14363452211172,0,11,1,102,0.2064645841302774,4,197,9,101,103,278,66,55,51,0,0.2290697674418604,0.0104651162790697,0.1174418604651162,0.1197674418604651,0.3232558139534883,0.0767441860465116,0.063953488372093,0.0593023255813953,0.0,0,2
904,1,74,0,1,1,38.7851878419382,-9.209075076810535,0,10,1,108,0.2038129828843639,1,180,8,108,89,156,111,48,42,0,0.2425876010781671,0.0107816711590296,0.1455525606469002,0.1199460916442048,0.2102425876010781,0.1495956873315364,0.0646900269541779,0.0566037735849056,0.0,0,2
1027,1,77,0,0,0,38.74328005009402,-9.148449254556573,0,11,1,96,0.1988611510678409,1,111,18,99,102,278,38,36,52,0,0.1512261580381471,0.0245231607629427,0.1348773841961852,0.1389645776566757,0.3787465940054496,0.0517711171662125,0.0490463215258855,0.0708446866485013,0.0,0,2
1041,1,81,0,1,1,38.7153523315642,-9.171036669416369,0,9,1,102,0.1955858426874512,2,124,11,102,93,291,71,45,52,0,0.1571609632446134,0.0139416983523447,0.1292775665399239,0.11787072243346,0.3688212927756654,0.0899873257287705,0.0570342205323193,0.0659062103929024,0.0,0,2
1126,1,74,0,1,1,38.76325128175549,-9.16874437948688,0,10,1,90,0.1927355548700585,4,210,9,96,92,335,48,37,52,0,0.2389078498293515,0.0102389078498293,0.1092150170648464,0.1046643913538111,0.3811149032992036,0.0546075085324232,0.0420932878270762,0.0591581342434584,0.0,0,2
1160,0,66,0,1,0,38.74693292485557,-9.160938853360523,0,12,1,99,0.2008943697498526,0,296,11,107,99,304,62,51,44,0,0.3039014373716632,0.0112936344969199,0.1098562628336755,0.1016427104722792,0.3121149897330595,0.0636550308008213,0.0523613963039014,0.0451745379876796,0.0,0,2
1300,1,61,0,1,1,38.78036085986743,-9.211292729406514,0,11,1,109,0.2008238711868852,7,91,11,103,95,157,35,79,56,0,0.1451355661881977,0.0175438596491228,0.164274322169059,0.1515151515151515,0.2503987240829346,0.0558213716108452,0.1259968102073365,0.0893141945773524,0.0,0,2
1556,1,64,0,0,0,38.73100963033757,-9.20879528426755,0,10,1,115,0.1964673723765008,6,185,5,102,104,451,58,79,43,0,0.1801363193768257,0.0048685491723466,0.0993184031158714,0.1012658227848101,0.439143135345667,0.056475170399221,0.0769230769230769,0.0418695228821811,0.0,0,2
1566,1,77,0,1,1,38.76829117241572,-9.180447906145249,0,9,1,118,0.1977413802296615,2,145,10,106,95,443,16,26,50,0,0.1627384960718294,0.0112233445566778,0.1189674523007856,0.1066217732884399,0.4971941638608305,0.0179573512906846,0.0291806958473625,0.0561167227833894,0.0,0,2
1634,0,62,0,0,1,38.7569281613714,-9.13381702821418,0,9,1,91,0.1929625675787502,2,283,12,99,101,117,48,59,56,0,0.3651612903225806,0.0154838709677419,0.1277419354838709,0.1303225806451612,0.1509677419354838,0.0619354838709677,0.0761290322580645,0.072258064516129,0.0,0,2
1668,0,81,0,0,1,38.749319827542365,-9.133801739322516,0,9,1,87,0.2022875893083161,3,214,10,106,92,300,46,58,52,0,0.2437357630979499,0.0113895216400911,0.1207289293849658,0.1047835990888382,0.3416856492027335,0.0523917995444191,0.0660592255125284,0.0592255125284738,0.0,0,2
1777,0,68,0,1,1,38.786529566922944,-9.14010741058333,0,10,1,100,0.1970712055241235,1,172,12,99,98,317,71,50,40,0,0.2002328288707799,0.0139697322467986,0.1152502910360884,0.1140861466821886,0.3690337601862631,0.0826542491268917,0.0582072176949941,0.0465657741559953,0.0,0,2
1980,0,70,0,1,1,38.71450866256172,-9.202335923605268,0,10,1,89,0.2036703237291654,5,195,10,95,102,322,66,45,50,0,0.2203389830508474,0.0112994350282485,0.1073446327683615,0.1152542372881356,0.3638418079096045,0.0745762711864406,0.0508474576271186,0.0564971751412429,0.0,0,2
1991,1,64,0,1,1,38.75323550959812,-9.194071913439933,0,9,1,114,0.2014034554980647,4,214,12,91,97,241,65,29,48,0,0.2685069008782936,0.015056461731493,0.1141781681304893,0.1217063989962358,0.302383939774153,0.0815558343789209,0.0363864491844416,0.0602258469259723,0.0,0,2
2019,0,83,0,1,0,38.73828220564798,-9.163131859720291,0,11,1,105,0.1922218294769906,7,264,10,108,107,294,41,36,46,0,0.2913907284768212,0.0110375275938189,0.119205298013245,0.1181015452538631,0.3245033112582781,0.0452538631346578,0.0397350993377483,0.0507726269315673,0.0,0,2
2054,1,82,0,0,0,38.76308070009427,-9.161893029609978,0,10,1,99,0.1918505161214168,4,183,10,98,103,308,69,55,65,0,0.2053872053872054,0.0112233445566778,0.1099887766554433,0.1156004489337822,0.345679012345679,0.0774410774410774,0.0617283950617283,0.0729517396184062,0.0,0,2
2249,0,70,0,0,0,38.75100916310581,-9.18206763872704,0,8,1,97,0.1871346091564451,3,209,10,102,102,335,49,41,47,0,0.2335195530726257,0.0111731843575419,0.1139664804469273,0.1139664804469273,0.3743016759776536,0.0547486033519553,0.0458100558659217,0.0525139664804469,0.0,0,2
2269,0,78,0,0,1,38.74221765478745,-9.197635050595387,0,11,1,103,0.1967315478844436,4,293,6,110,98,216,32,40,39,0,0.3513189448441247,0.0071942446043165,0.13189448441247,0.1175059952038369,0.2589928057553957,0.0383693045563549,0.0479616306954436,0.0467625899280575,0.0,0,2
2440,0,62,0,1,1,38.72611953538564,-9.167861283000642,0,9,1,119,0.2081870887039857,6,217,8,113,99,465,55,70,46,0,0.2022367194780988,0.0074557315936626,0.1053122087604846,0.092264678471575,0.4333643988816402,0.0512581547064305,0.0652376514445479,0.0428704566635601,0.0,0,2
2793,1,76,0,1,1,38.763413914953695,-9.159114866304598,0,11,1,109,0.1981447094937513,2,170,7,98,109,178,65,52,48,0,0.233837689133425,0.0096286107290233,0.1348005502063273,0.1499312242090784,0.2448418156808803,0.0894085281980742,0.0715268225584594,0.0660247592847317,0.0,0,2
2797,1,73,0,1,0,38.710630472154975,-9.15526169090806,0,10,1,103,0.194076993712688,5,284,11,108,106,266,31,50,53,0,0.3124312431243124,0.0121012101210121,0.1188118811881188,0.1166116611661166,0.2926292629262926,0.0341034103410341,0.055005500550055,0.0583058305830583,0.0,0,2
2863,1,77,0,0,0,38.72725266978304,-9.185403497103842,0,10,1,98,0.1979915296402103,0,268,11,95,106,187,47,28,49,0,0.3388116308470291,0.0139064475347661,0.1201011378002528,0.1340075853350189,0.236409608091024,0.0594184576485461,0.0353982300884955,0.0619469026548672,0.0,0,2
2866,0,68,0,0,0,38.737280153987975,-9.137915866144429,0,10,1,99,0.1987257759087405,7,275,10,107,86,172,59,59,45,0,0.3382533825338253,0.01230012300123,0.1316113161131611,0.1057810578105781,0.2115621156211562,0.072570725707257,0.072570725707257,0.055350553505535,0.0,0,2
2891,0,76,0,0,1,38.749710857959904,-9.149163894953317,0,9,1,100,0.1966255399565036,4,189,8,98,93,281,49,32,45,0,0.2377358490566037,0.010062893081761,0.1232704402515723,0.1169811320754717,0.3534591194968553,0.0616352201257861,0.040251572327044,0.0566037735849056,0.0,0,2
2894,0,76,0,1,0,38.76198113370104,-9.133151825988032,0,10,1,112,0.1952666447908993,1,171,8,109,96,148,66,58,51,0,0.2418670438472418,0.0113154172560113,0.1541725601131541,0.1357850070721357,0.2093352192362093,0.0933521923620933,0.082036775106082,0.0721357850070721,0.0,0,2
3035,0,70,0,1,1,38.76802079762197,-9.151987638873347,0,11,1,106,0.2047060028396683,2,258,7,103,102,413,45,28,55,0,0.2551928783382789,0.0069238377843719,0.1018793273986152,0.1008902077151335,0.4085064292779426,0.0445103857566765,0.0276953511374876,0.0544015825914935,0.0,0,2
3360,1,63,0,0,0,38.7790909059977,-9.164098162528743,0,10,1,120,0.194295978960569,4,299,13,103,102,316,59,51,48,0,0.3017154389505549,0.0131180625630676,0.1039354187689202,0.1029263370332997,0.3188698284561049,0.0595358224016145,0.0514631685166498,0.048435923309788,0.0,0,2
3414,0,60,0,1,1,38.75702746912477,-9.134137130243587,0,9,1,95,0.2066861654173323,6,171,10,96,94,311,18,53,50,0,0.2129514321295143,0.012453300124533,0.1195516811955168,0.1170610211706102,0.3872976338729763,0.0224159402241594,0.0660024906600249,0.062266500622665,0.0,0,2
3615,0,69,0,0,0,38.7636759880767,-9.139028697504628,0,10,1,120,0.2112646693057717,2,217,11,101,100,312,8,45,54,0,0.2558962264150943,0.0129716981132075,0.1191037735849056,0.1179245283018868,0.3679245283018867,0.0094339622641509,0.053066037735849,0.0636792452830188,0.0,0,2
3637,0,62,0,1,1,38.781121918867214,-9.189746160328223,0,11,1,93,0.2026542528776075,4,297,11,111,98,352,85,72,46,0,0.2770522388059701,0.0102611940298507,0.1035447761194029,0.0914179104477612,0.3283582089552239,0.0792910447761194,0.0671641791044776,0.042910447761194,0.0,0,2
3739,1,78,0,1,0,38.78802931862133,-9.143492268745817,0,9,1,92,0.1979129769196805,0,237,12,105,108,241,70,45,48,0,0.2736720554272517,0.0138568129330254,0.1212471131639722,0.1247113163972286,0.2782909930715935,0.0808314087759815,0.0519630484988452,0.0554272517321016,0.0,0,2
3937,0,78,0,1,0,38.76425519340119,-9.21281424207049,0,9,1,100,0.2102052864833644,5,228,10,100,96,348,27,9,49,0,0.2629757785467128,0.0115340253748558,0.1153402537485582,0.1107266435986159,0.4013840830449827,0.0311418685121107,0.0103806228373702,0.0565167243367935,0.0,0,2
4053,0,70,0,0,0,38.73773598261318,-9.176241602738758,0,10,1,108,0.1989141137266983,2,104,12,103,105,232,53,63,52,0,0.143646408839779,0.0165745856353591,0.1422651933701657,0.1450276243093922,0.3204419889502762,0.0732044198895027,0.0870165745856353,0.0718232044198895,0.0,0,2
4114,0,71,0,0,0,38.759828528911,-9.19172153804172,0,11,1,100,0.1956617771776462,4,197,11,98,95,249,62,35,46,0,0.2484237074401009,0.0138713745271122,0.1235813366960908,0.1197982345523329,0.3139974779319041,0.0781841109709962,0.0441361916771752,0.0580075662042875,0.0,0,2
4211,0,80,0,1,0,38.75393289192349,-9.195543890569835,0,9,1,97,0.2022127927299568,1,175,11,98,101,291,49,22,50,0,0.219573400250941,0.013801756587202,0.1229611041405269,0.1267252195734002,0.3651191969887076,0.0614805520702634,0.027603513174404,0.0627352572145545,0.0,0,2
4422,0,71,0,0,1,38.75959983832581,-9.15971255887352,0,10,1,98,0.2034945758390307,7,201,13,108,100,240,37,34,51,0,0.2563775510204081,0.0165816326530612,0.1377551020408163,0.1275510204081632,0.3061224489795918,0.0471938775510204,0.0433673469387755,0.0650510204081632,0.0,0,2
4583,1,67,0,0,0,38.72919782433533,-9.177461629748306,0,11,1,83,0.1963371044833682,0,211,9,103,100,336,34,34,47,0,0.2414187643020595,0.0102974828375286,0.1178489702517162,0.11441647597254,0.3844393592677345,0.0389016018306636,0.0389016018306636,0.0537757437070938,0.0,0,2
4700,0,76,0,0,1,38.71812511617888,-9.1670701361724,0,9,1,97,0.1961313736252323,1,227,9,101,103,293,26,59,44,0,0.2633410672853828,0.0104408352668213,0.1171693735498839,0.1194895591647331,0.339907192575406,0.0301624129930394,0.068445475638051,0.0510440835266821,0.0,0,2
4921,0,75,0,0,1,38.78628499979505,-9.176604619310968,0,11,1,94,0.1960927704489533,3,217,10,93,101,211,51,28,51,0,0.2847769028871391,0.0131233595800524,0.1220472440944882,0.1325459317585302,0.2769028871391076,0.0669291338582677,0.0367454068241469,0.0669291338582677,0.0,0,2
4958,0,70,0,1,1,38.77159662351792,-9.189729313790204,0,10,1,92,0.1941144770584416,1,187,11,106,99,309,79,62,52,0,0.2066298342541436,0.0121546961325966,0.1171270718232044,0.1093922651933701,0.3414364640883978,0.087292817679558,0.0685082872928176,0.0574585635359116,0.0,0,2
4965,1,70,0,1,0,38.77728409741412,-9.178565796338871,0,10,1,106,0.1960235054186696,3,192,11,98,91,177,44,37,46,0,0.2758620689655172,0.0158045977011494,0.1408045977011494,0.1307471264367816,0.2543103448275862,0.0632183908045977,0.0531609195402298,0.0660919540229885,0.0,0,2
5146,0,74,0,0,0,38.72099451180538,-9.192213180626576,0,9,1,100,0.196366820207973,5,220,11,104,100,381,62,70,46,0,0.221327967806841,0.011066398390342,0.1046277665995975,0.1006036217303823,0.3832997987927565,0.062374245472837,0.0704225352112676,0.0462776659959758,0.0,0,2
5151,1,83,0,0,0,38.7612872848698,-9.143161990177944,0,10,1,114,0.2013861923863298,5,238,11,100,99,308,37,71,41,0,0.2629834254143646,0.0121546961325966,0.1104972375690607,0.1093922651933701,0.3403314917127071,0.0408839779005524,0.0784530386740331,0.0453038674033149,0.0,0,2
5189,1,76,0,1,1,38.7484956192787,-9.186954939609318,0,10,1,93,0.1962165636787235,8,134,8,102,102,177,26,63,42,0,0.2048929663608562,0.0122324159021406,0.1559633027522936,0.1559633027522936,0.2706422018348624,0.0397553516819571,0.0963302752293578,0.0642201834862385,0.0,0,2
5193,1,61,0,1,1,38.71275390344948,-9.141814538801654,0,10,1,101,0.1981770507795539,4,279,12,101,112,229,58,49,55,0,0.311731843575419,0.0134078212290502,0.1128491620111731,0.1251396648044692,0.2558659217877095,0.064804469273743,0.0547486033519553,0.0614525139664804,0.0,0,2
5231,1,82,0,1,1,38.74850083342064,-9.160720133511562,0,11,1,88,0.2024843265819896,5,173,9,109,104,532,78,31,56,0,0.1584249084249084,0.0082417582417582,0.0998168498168498,0.0952380952380952,0.4871794871794871,0.0714285714285714,0.0283882783882783,0.0512820512820512,0.0,0,2
5258,1,77,0,1,0,38.74045280837628,-9.177616202785948,0,10,1,95,0.2082273505902411,2,89,10,107,94,243,26,28,49,0,0.1377708978328173,0.0154798761609907,0.1656346749226006,0.1455108359133126,0.3761609907120743,0.0402476780185758,0.0433436532507739,0.0758513931888544,0.0,0,2
5450,1,80,0,1,1,38.76723647741574,-9.168547242441642,0,10,1,98,0.1929847961165762,4,170,9,94,113,190,68,33,47,0,0.2348066298342541,0.0124309392265193,0.1298342541436464,0.1560773480662983,0.2624309392265193,0.0939226519337016,0.0455801104972375,0.0649171270718232,0.0,0,2
5492,1,82,0,0,1,38.76515019551905,-9.150244300862305,0,10,1,93,0.1996694153336084,1,267,12,106,95,147,25,42,42,0,0.3627717391304347,0.0163043478260869,0.1440217391304347,0.1290760869565217,0.1997282608695652,0.0339673913043478,0.0570652173913043,0.0570652173913043,0.0,0,2
5541,0,83,0,0,1,38.730296126130966,-9.16042056937595,0,10,1,105,0.1950655453225716,4,144,11,97,89,444,53,61,48,0,0.1520591341077085,0.0116156282998944,0.102428722280887,0.0939809926082365,0.4688489968321013,0.0559662090813094,0.0644139387539598,0.0506863780359028,0.0,0,2
5543,0,75,0,1,0,38.708730738397975,-9.195771244887029,0,9,1,113,0.2067317457135656,2,209,7,99,108,55,14,43,51,0,0.356655290102389,0.0119453924914675,0.1689419795221843,0.1843003412969283,0.0938566552901023,0.0238907849829351,0.0733788395904436,0.0870307167235494,0.0,0,2
5672,1,74,0,1,1,38.71745744531341,-9.14784743948821,0,8,1,101,0.1997502771840589,2,200,10,96,98,327,59,18,42,0,0.2352941176470588,0.0117647058823529,0.1129411764705882,0.1152941176470588,0.3847058823529412,0.0694117647058823,0.0211764705882352,0.0494117647058823,0.0,0,2
5675,0,69,0,0,1,38.728303237589216,-9.200307803370876,0,11,1,122,0.2114842416376397,1,227,10,105,96,348,70,110,44,0,0.2247524752475247,0.0099009900990099,0.1039603960396039,0.095049504950495,0.3445544554455445,0.0693069306930693,0.1089108910891089,0.0435643564356435,0.0,0,2
6104,0,61,0,0,0,38.74369727774067,-9.185233477812773,0,10,1,112,0.1993199171042335,2,227,11,95,97,284,9,39,51,0,0.2792127921279212,0.013530135301353,0.1168511685116851,0.1193111931119311,0.3493234932349323,0.011070110701107,0.047970479704797,0.062730627306273,0.0,0,2
6377,0,59,0,0,0,38.71764761421801,-9.194409226142996,0,9,1,93,0.2087875976859937,6,169,9,104,98,371,52,18,51,0,0.1938073394495413,0.0103211009174311,0.1192660550458715,0.1123853211009174,0.4254587155963302,0.0596330275229357,0.0206422018348623,0.05848623853211,0.0,0,2
6381,0,83,0,1,0,38.76323194584248,-9.142471444951727,0,12,1,93,0.2029269688110037,6,184,14,95,96,253,40,70,51,0,0.2291407222914072,0.0174346201743462,0.1183063511830635,0.1195516811955168,0.3150684931506849,0.049813200498132,0.087173100871731,0.0635118306351183,0.0,0,2
6430,0,67,0,1,1,38.78126860225584,-9.20205134776711,0,10,1,106,0.1982150520405028,4,203,9,102,91,380,79,42,49,0,0.212565445026178,0.0094240837696335,0.1068062827225131,0.0952879581151832,0.3979057591623036,0.0827225130890052,0.043979057591623,0.0513089005235602,0.0,0,2
6507,0,76,0,1,1,38.75838390402287,-9.199571399103746,0,11,1,88,0.1967664509233472,4,278,7,107,99,369,45,58,47,0,0.2752475247524752,0.0069306930693069,0.1059405940594059,0.098019801980198,0.3653465346534653,0.0445544554455445,0.0574257425742574,0.0465346534653465,0.0,0,2
6808,1,77,0,1,0,38.74238507698238,-9.163574220582152,0,9,1,84,0.1910084221452152,1,288,11,96,99,275,22,82,49,0,0.3123644251626898,0.0119305856832971,0.1041214750542299,0.1073752711496746,0.2982646420824295,0.0238611713665943,0.088937093275488,0.0531453362255965,0.0,0,2
6913,1,82,0,1,1,38.7180098778656,-9.210734010903344,0,10,1,100,0.200893131536632,5,191,8,97,103,228,60,27,40,0,0.253315649867374,0.0106100795755968,0.1286472148541114,0.136604774535809,0.3023872679045092,0.0795755968169761,0.0358090185676392,0.053050397877984,0.0,0,2
6948,0,75,0,0,1,38.75297203407858,-9.180286098867615,0,10,1,102,0.2086503347135667,6,242,9,112,101,280,33,57,52,0,0.27313769751693,0.010158013544018,0.1264108352144469,0.1139954853273137,0.3160270880361174,0.0372460496613995,0.064334085778781,0.0586907449209932,0.0,0,2
6958,0,76,0,0,0,38.7335377870754,-9.17392491085354,0,10,1,90,0.1953825904215932,5,246,13,103,97,150,60,74,45,0,0.3121827411167512,0.016497461928934,0.1307106598984771,0.1230964467005076,0.1903553299492385,0.0761421319796954,0.0939086294416243,0.0571065989847715,0.0,0,2
7211,1,83,0,0,0,38.71868182091234,-9.14783600373333,0,11,1,102,0.1998991625233572,6,205,9,96,96,273,41,87,44,0,0.2408930669800235,0.0105757931844888,0.1128084606345476,0.1128084606345476,0.3207990599294947,0.0481786133960047,0.1022326674500587,0.0517038777908343,0.0,0,2
7281,0,81,0,1,1,38.74642859040188,-9.161770720851145,0,12,1,99,0.1984866711195806,2,264,8,101,97,272,58,62,52,0,0.2888402625820569,0.0087527352297593,0.1105032822757111,0.1061269146608315,0.2975929978118162,0.0634573304157549,0.0678336980306345,0.0568927789934354,0.0,0,2
7387,1,74,0,0,1,38.738846272750735,-9.158017059714773,0,9,1,113,0.2040889511712952,4,119,5,100,97,299,31,98,51,0,0.14875,0.00625,0.125,0.12125,0.37375,0.03875,0.1225,0.06375,0.0,0,2
7468,1,72,0,0,1,38.76823127435398,-9.18978144964196,0,9,1,94,0.194597440149355,7,208,11,98,97,257,58,14,49,0,0.2626262626262626,0.0138888888888888,0.1237373737373737,0.1224747474747474,0.3244949494949495,0.0732323232323232,0.0176767676767676,0.0618686868686868,0.0,0,2
7816,1,74,0,1,1,38.72590646217317,-9.146497497091335,0,11,1,84,0.2085042112643769,5,198,12,101,97,342,4,62,57,0,0.2268041237113402,0.0137457044673539,0.1156930126002291,0.1111111111111111,0.3917525773195876,0.0045819014891179,0.0710194730813287,0.0652920962199312,0.0,0,2
7831,0,68,0,0,1,38.77811637823122,-9.210336324883896,0,12,1,108,0.195811635650492,5,227,8,91,97,300,28,34,49,0,0.2721822541966426,0.0095923261390887,0.1091127098321343,0.1163069544364508,0.3597122302158273,0.0335731414868105,0.0407673860911271,0.0587529976019184,0.0,0,2
8004,1,65,0,0,1,38.78773434869807,-9.192320180560111,0,12,1,93,0.202619374466865,6,202,9,101,98,536,48,62,48,0,0.1829710144927536,0.0081521739130434,0.0914855072463768,0.0887681159420289,0.4855072463768116,0.0434782608695652,0.056159420289855,0.0434782608695652,0.0,0,2
8016,1,73,0,0,0,38.78644041318031,-9.13941585189706,0,10,1,97,0.1987533589177597,6,194,11,100,95,426,43,84,43,0,0.1947791164658634,0.0110441767068273,0.1004016064257028,0.0953815261044176,0.4277108433734939,0.0431726907630522,0.0843373493975903,0.0431726907630522,0.0,0,2
8064,0,70,0,1,0,38.745637712080615,-9.175755375716424,0,9,1,97,0.1989955519420599,2,186,8,106,104,172,56,48,49,0,0.2551440329218107,0.0109739368998628,0.1454046639231824,0.1426611796982167,0.2359396433470507,0.0768175582990397,0.0658436213991769,0.0672153635116598,0.0,0,2
8175,1,69,0,0,0,38.74954382041921,-9.161474743424202,0,11,1,110,0.1981460709500895,3,135,12,96,93,350,20,77,51,0,0.1618705035971223,0.014388489208633,0.1151079136690647,0.1115107913669064,0.4196642685851319,0.0239808153477218,0.092326139088729,0.0611510791366906,0.0,0,2
8192,0,59,0,0,1,38.7299756268293,-9.180820136321255,0,11,1,102,0.1979157063567032,0,180,11,100,93,272,34,67,52,0,0.2224969097651421,0.0135970333745364,0.1236093943139678,0.1149567367119901,0.3362175525339926,0.042027194066749,0.0828182941903584,0.0642768850432632,0.0,0,2
8698,1,63,0,0,1,38.73226924103497,-9.147396768925615,0,10,1,110,0.2054600226341125,4,94,7,101,112,252,42,44,55,0,0.1329561527581329,0.0099009900990099,0.1428571428571428,0.1584158415841584,0.3564356435643564,0.0594059405940594,0.0622347949080622,0.0777934936350777,0.0,0,2
8759,0,79,0,1,0,38.725027185196346,-9.165133675782364,0,10,1,89,0.199718270145482,5,173,10,105,99,197,73,29,48,0,0.2356948228882834,0.0136239782016348,0.1430517711171662,0.1348773841961852,0.2683923705722071,0.0994550408719346,0.0395095367847411,0.0653950953678474,0.0,0,2
8885,0,71,0,1,0,38.75804582481058,-9.182178512251172,0,10,1,111,0.1953504488461675,2,275,10,101,100,304,25,49,52,0,0.3002183406113537,0.0109170305676855,0.1102620087336244,0.1091703056768559,0.3318777292576419,0.0272925764192139,0.0534934497816593,0.056768558951965,0.0,0,2
8983,1,64,0,1,1,38.77680248712674,-9.158540897296149,0,9,1,96,0.205178355199832,6,190,9,108,93,327,78,56,52,0,0.208105147864184,0.0098576122672508,0.1182913472070098,0.1018619934282584,0.3581599123767798,0.0854326396495071,0.0613362541073384,0.0569550930996714,0.0,0,2
9249,1,73,0,0,1,38.76868429564192,-9.149861165744904,0,10,1,101,0.1952678815862438,2,123,8,103,112,272,66,20,60,0,0.1609947643979057,0.0104712041884816,0.1348167539267015,0.1465968586387434,0.3560209424083769,0.0863874345549738,0.0261780104712041,0.0785340314136125,0.0,0,2
9391,1,60,0,1,1,38.7432857743276,-9.20169672909009,0,9,1,109,0.1988750442960238,2,136,6,95,104,368,67,17,52,0,0.1609467455621301,0.0071005917159763,0.1124260355029585,0.123076923076923,0.4355029585798816,0.0792899408284023,0.0201183431952662,0.0615384615384615,0.0,0,2
9464,1,81,0,0,0,38.74124666062693,-9.196918915567863,0,10,1,109,0.206159892690613,3,233,13,96,99,307,27,46,55,0,0.2659817351598174,0.0148401826484018,0.1095890410958904,0.1130136986301369,0.3504566210045662,0.0308219178082191,0.0525114155251141,0.0627853881278538,0.0,0,2
9545,0,81,0,0,0,38.74308739122288,-9.191278758546794,0,10,1,102,0.2021598446531003,5,187,9,94,104,215,27,14,38,0,0.2718023255813953,0.0130813953488372,0.1366279069767441,0.1511627906976744,0.3125,0.0392441860465116,0.0203488372093023,0.0552325581395348,0.0,0,2
9595,1,80,0,1,1,38.750849307504105,-9.192784792524598,0,12,1,106,0.1942066859738261,3,167,13,95,100,217,65,68,50,0,0.2154838709677419,0.016774193548387,0.1225806451612903,0.1290322580645161,0.28,0.0838709677419354,0.0877419354838709,0.064516129032258,0.0,0,2
9644,0,68,0,0,1,38.758652743890806,-9.201359910509067,0,10,1,84,0.197968330996033,5,263,9,98,95,299,50,11,55,0,0.2988636363636364,0.0102272727272727,0.1113636363636363,0.1079545454545454,0.3397727272727273,0.0568181818181818,0.0125,0.0625,0.0,0,2
9679,1,83,0,1,1,38.75751183490783,-9.139112090839324,0,11,1,103,0.1971115287987119,3,323,11,105,113,570,98,43,55,0,0.2450682852807283,0.0083459787556904,0.0796661608497723,0.0857359635811836,0.4324734446130501,0.0743550834597875,0.0326251896813353,0.0417298937784522,0.0,0,2
9708,1,59,0,0,0,38.72707494438634,-9.20078786108636,0,10,1,102,0.2054590996668108,4,235,10,100,91,253,38,67,46,0,0.2797619047619047,0.0119047619047619,0.119047619047619,0.1083333333333333,0.3011904761904762,0.0452380952380952,0.0797619047619047,0.0547619047619047,0.0,0,2
9918,0,69,0,0,0,38.71645526775246,-9.208641474780078,0,12,1,110,0.2015253622100411,3,226,9,95,102,247,79,55,50,0,0.2618771726535341,0.0104287369640787,0.1100811123986095,0.1181923522595596,0.2862108922363847,0.0915411355735805,0.063731170336037,0.0579374275782155,0.0,0,2
10081,0,74,0,1,1,38.71636119712404,-9.167526657213632,0,10,1,85,0.1958529588642149,4,152,12,102,102,341,39,70,49,0,0.1753171856978085,0.0138408304498269,0.1176470588235294,0.1176470588235294,0.3933102652825836,0.0449826989619377,0.0807381776239907,0.0565167243367935,0.0,0,2
10115,1,59,0,1,0,38.76197686593284,-9.18455381873784,0,9,1,80,0.1984833533128077,6,57,10,92,97,313,99,45,45,0,0.075197889182058,0.0131926121372031,0.1213720316622691,0.1279683377308707,0.4129287598944591,0.1306068601583113,0.0593667546174142,0.0593667546174142,0.0,0,2
10213,0,61,0,0,1,38.72059673211808,-9.145881194922945,0,11,1,101,0.1987665386255619,7,251,6,100,96,206,13,44,49,0,0.3281045751633987,0.0078431372549019,0.130718954248366,0.1254901960784313,0.269281045751634,0.0169934640522875,0.057516339869281,0.0640522875816993,0.0,0,2
10330,0,69,0,1,1,38.77597958320469,-9.142977107226516,0,10,1,85,0.1980991426833106,6,203,9,98,104,324,56,60,55,0,0.2233223322332233,0.0099009900990099,0.1078107810781078,0.1144114411441144,0.3564356435643564,0.0616061606160616,0.066006600660066,0.0605060506050605,0.0,0,2
10457,0,80,0,1,0,38.71708728354661,-9.211618672569962,0,9,1,108,0.1989180712240999,4,298,7,97,106,364,29,52,46,0,0.2982982982982983,0.007007007007007,0.0970970970970971,0.1061061061061061,0.3643643643643643,0.029029029029029,0.052052052052052,0.046046046046046,0.0,0,2
10506,1,62,0,0,0,38.78218846750559,-9.2088189186331,0,10,1,111,0.1949531183461176,1,148,10,103,99,304,77,46,65,0,0.1737089201877934,0.0117370892018779,0.1208920187793427,0.1161971830985915,0.3568075117370892,0.0903755868544601,0.0539906103286385,0.0762910798122065,0.0,0,2
10546,0,71,0,1,1,38.77729412573173,-9.206563881250233,0,11,1,100,0.1884584308005247,4,176,12,92,101,467,55,44,51,0,0.1763527054108216,0.0120240480961923,0.0921843687374749,0.1012024048096192,0.467935871743487,0.0551102204408817,0.0440881763527054,0.0511022044088176,0.0,0,2
10552,0,79,0,1,1,38.78284740427554,-9.18774105468276,0,10,1,93,0.2038104108648639,3,284,11,97,111,302,76,39,49,0,0.2930856553147575,0.0113519091847265,0.1001031991744066,0.1145510835913312,0.3116615067079463,0.0784313725490196,0.0402476780185758,0.0505675954592363,0.0,0,2
10610,1,66,0,0,1,38.779774088212434,-9.164057259683338,0,10,1,103,0.1960664045442178,6,238,11,93,102,212,50,53,48,0,0.2949194547707559,0.01363073110285,0.1152416356877323,0.1263940520446096,0.2627013630731102,0.0619578686493184,0.0656753407682775,0.0594795539033457,0.0,0,2
10612,0,69,0,0,1,38.71361865969494,-9.21028336544507,0,11,1,64,0.1961997504602588,4,199,8,103,98,233,32,53,46,0,0.2577720207253886,0.0103626943005181,0.133419689119171,0.1269430051813471,0.3018134715025907,0.0414507772020725,0.0686528497409326,0.0595854922279792,0.0,0,2
10646,0,79,0,1,1,38.75162138301242,-9.18043274188824,0,10,1,94,0.2045267008385814,8,163,8,95,105,321,75,26,57,0,0.1917647058823529,0.0094117647058823,0.1117647058823529,0.1235294117647058,0.3776470588235294,0.088235294117647,0.0305882352941176,0.0670588235294117,0.0,0,2
10749,1,82,0,0,1,38.74937291540251,-9.178004831859525,0,10,1,98,0.2021527641347271,7,201,11,100,100,369,34,67,48,0,0.2161290322580645,0.0118279569892473,0.1075268817204301,0.1075268817204301,0.3967741935483871,0.0365591397849462,0.0720430107526881,0.0516129032258064,0.0,0,2
11016,1,66,0,0,0,38.72943301507488,-9.155582334398032,0,10,1,107,0.2044853199122438,5,161,12,100,106,220,64,51,53,0,0.2099087353324641,0.0156453715775749,0.1303780964797914,0.1382007822685788,0.286831812255541,0.0834419817470664,0.0664928292046936,0.0691003911342894,0.0,0,2
11218,0,66,0,0,1,38.7564082092872,-9.193723646812296,0,10,1,115,0.1972536425575363,7,158,12,100,100,365,47,18,53,0,0.1852286049237983,0.0140679953106682,0.1172332942555685,0.1172332942555685,0.4279015240328253,0.0550996483001172,0.0211019929660023,0.0621336459554513,0.0,0,2
11226,1,59,0,0,0,38.78820156975832,-9.166552850938398,0,11,1,97,0.1976761409035019,8,167,10,96,100,278,64,9,45,0,0.2171651495448634,0.0130039011703511,0.1248374512353706,0.130039011703511,0.3615084525357607,0.083224967490247,0.0117035110533159,0.0585175552665799,0.0,0,2
11262,1,80,0,0,0,38.77552374350144,-9.174378399368786,0,10,1,115,0.2083788682670993,7,195,14,94,100,346,42,74,39,0,0.2157079646017699,0.0154867256637168,0.1039823008849557,0.1106194690265486,0.3827433628318584,0.0464601769911504,0.081858407079646,0.0431415929203539,0.0,0,2
11263,1,70,0,0,1,38.774798609549,-9.212808359037494,0,9,1,105,0.2069813434913141,2,162,12,94,108,368,72,61,50,0,0.174757281553398,0.0129449838187702,0.1014023732470334,0.116504854368932,0.3969795037756203,0.0776699029126213,0.0658036677454153,0.0539374325782092,0.0,0,2
11444,0,75,0,0,0,38.73998040022314,-9.193558268295996,0,10,1,101,0.2025180628781576,5,185,8,105,99,273,50,91,49,0,0.2151162790697674,0.0093023255813953,0.1220930232558139,0.1151162790697674,0.3174418604651163,0.0581395348837209,0.1058139534883721,0.0569767441860465,0.0,0,2
11461,1,62,0,1,1,38.743130080957584,-9.141277759391594,0,10,1,90,0.2054765359583209,0,254,14,96,97,310,99,61,42,0,0.2610483042137718,0.014388489208633,0.0986639260020555,0.0996916752312435,0.3186022610483042,0.1017471736896197,0.0626927029804727,0.0431654676258992,0.0,0,2
11731,1,61,0,0,1,38.72524292412391,-9.14155702376041,0,9,1,121,0.1986307502563878,3,209,10,109,88,43,65,77,40,0,0.3260530421216848,0.0156006240249609,0.1700468018720748,0.1372854914196568,0.0670826833073322,0.1014040561622464,0.1201248049921996,0.0624024960998439,0.0,0,2
11772,0,60,0,0,0,38.71098911910419,-9.197163345189756,0,10,1,104,0.2014592705865274,4,164,7,106,92,330,27,71,39,0,0.1961722488038277,0.0083732057416267,0.1267942583732057,0.1100478468899521,0.3947368421052631,0.0322966507177033,0.0849282296650717,0.0466507177033492,0.0,0,2
11776,0,72,0,1,1,38.71778075459631,-9.14916875421285,0,10,1,103,0.190912557256915,5,205,12,99,96,236,52,62,44,0,0.2543424317617866,0.0148883374689826,0.1228287841191067,0.119106699751861,0.292803970223325,0.064516129032258,0.0769230769230769,0.0545905707196029,0.0,0,2
11831,1,78,0,0,1,38.78224165552443,-9.149401208991426,0,9,1,110,0.2023139249093661,4,175,13,109,105,146,59,68,65,0,0.2364864864864864,0.0175675675675675,0.1472972972972973,0.1418918918918918,0.1972972972972973,0.0797297297297297,0.0918918918918919,0.0878378378378378,0.0,0,2
11928,1,65,0,0,1,38.75474216003988,-9.167302626928496,0,9,1,92,0.2034653276115857,2,60,9,93,97,275,46,40,58,0,0.0884955752212389,0.0132743362831858,0.1371681415929203,0.1430678466076696,0.4056047197640118,0.0678466076696165,0.0589970501474926,0.0855457227138643,0.0,0,2
11941,1,78,0,0,0,38.76492890790067,-9.159022131107603,0,11,1,96,0.2010497242826305,6,227,13,98,102,240,16,2,53,0,0.3022636484687084,0.0173102529960053,0.1304926764314247,0.1358189081225033,0.3195739014647137,0.0213049267643142,0.0026631158455392,0.0705725699067909,0.0,0,2
11959,0,70,0,1,1,38.73087038577274,-9.152388672613103,0,10,1,110,0.2070477798976052,1,134,8,97,104,376,25,61,46,0,0.1574618096357226,0.0094007050528789,0.1139835487661574,0.1222091656874265,0.4418331374853114,0.0293772032902467,0.0716803760282021,0.054054054054054,0.0,0,2
12038,1,59,0,0,0,38.71319195261872,-9.19460432126894,0,10,1,86,0.202521149856089,7,298,11,97,110,360,40,75,50,0,0.2862632084534102,0.010566762728146,0.0931796349663784,0.1056676272814601,0.345821325648415,0.0384245917387127,0.0720461095100864,0.0480307396733909,0.0,0,2
12052,1,63,0,1,1,38.7591684000993,-9.205986694142547,0,11,1,105,0.2003703648895461,4,189,9,100,107,349,35,38,43,0,0.2172413793103448,0.0103448275862068,0.1149425287356321,0.1229885057471264,0.4011494252873563,0.0402298850574712,0.0436781609195402,0.0494252873563218,0.0,0,2
12125,1,79,0,0,1,38.72298490681961,-9.18452042282847,0,11,1,101,0.2094215768404699,8,186,12,101,102,417,62,76,53,0,0.1843409316154608,0.0118929633300297,0.1000991080277502,0.1010901883052527,0.4132804757185332,0.0614469772051536,0.0753221010901883,0.0525272547076313,0.0,0,2
12180,0,79,0,1,1,38.768619299831975,-9.133366452945369,0,9,1,91,0.2056034055733612,6,222,6,96,104,430,39,20,49,0,0.2298136645962732,0.0062111801242236,0.0993788819875776,0.1076604554865424,0.4451345755693582,0.0403726708074534,0.020703933747412,0.0507246376811594,0.0,0,2
12297,1,82,0,0,1,38.75501462074817,-9.208135473314757,0,9,1,108,0.1937784912967556,5,230,10,102,98,339,20,29,54,0,0.2607709750566893,0.0113378684807256,0.1156462585034013,0.1111111111111111,0.3843537414965986,0.0226757369614512,0.0328798185941043,0.0612244897959183,0.0,0,2
12419,1,65,0,1,0,38.77708739926464,-9.19527926249732,0,9,1,102,0.204558308817665,4,166,8,100,97,103,25,5,52,0,0.2985611510791366,0.014388489208633,0.1798561151079136,0.1744604316546762,0.185251798561151,0.0449640287769784,0.0089928057553956,0.0935251798561151,0.0,0,2
12469,1,72,0,0,0,38.76206715614244,-9.212587629674092,0,9,1,93,0.1962357406087572,5,245,7,106,100,362,53,99,51,0,0.2394916911045943,0.0068426197458455,0.1036168132942326,0.0977517106549364,0.35386119257087,0.0518084066471163,0.0967741935483871,0.0498533724340175,0.0,0,2
12497,0,65,0,0,1,38.71230931966009,-9.206103073829023,0,9,1,94,0.1999051753168755,5,144,10,97,101,248,27,14,51,0,0.2080924855491329,0.0144508670520231,0.1401734104046242,0.1459537572254335,0.3583815028901734,0.0390173410404624,0.0202312138728323,0.0736994219653179,0.0,0,2
12557,0,59,0,0,1,38.75617746407247,-9.202740369098027,0,9,1,96,0.1981514632746009,5,175,10,91,93,354,60,52,49,0,0.1979638009049773,0.0113122171945701,0.1029411764705882,0.1052036199095022,0.4004524886877828,0.0678733031674208,0.0588235294117647,0.0554298642533936,0.0,0,2
12888,1,64,0,1,1,38.73083365269924,-9.163917317342776,0,11,1,93,0.1979436683906012,5,136,10,101,105,277,57,55,41,0,0.1739130434782608,0.0127877237851662,0.129156010230179,0.1342710997442455,0.3542199488491048,0.0728900255754475,0.0703324808184143,0.0524296675191815,0.0,0,2
13026,1,68,0,0,1,38.71467686126308,-9.1538614878315,0,12,1,94,0.1999032684421747,3,257,8,107,106,223,45,47,55,0,0.303066037735849,0.0094339622641509,0.1261792452830188,0.125,0.2629716981132075,0.053066037735849,0.0554245283018867,0.0648584905660377,0.0,0,2
13040,1,67,0,1,1,38.76996227835152,-9.139015215067502,0,11,1,98,0.204831879006965,5,270,10,95,107,208,27,58,47,0,0.3284671532846715,0.0121654501216545,0.1155717761557177,0.1301703163017031,0.2530413625304136,0.0328467153284671,0.0705596107055961,0.0571776155717761,0.0,0,2
13066,0,59,0,1,1,38.749536714134734,-9.19827990771407,0,12,1,111,0.201444933009415,5,251,8,108,104,194,72,64,55,0,0.2932242990654206,0.0093457943925233,0.1261682242990654,0.1214953271028037,0.2266355140186916,0.0841121495327102,0.0747663551401869,0.0642523364485981,0.0,0,2
13170,1,74,0,1,0,38.716510158062285,-9.147707268775155,0,10,1,107,0.1978848501152149,5,234,4,97,110,220,61,25,51,0,0.2917705735660847,0.0049875311720698,0.1209476309226932,0.1371571072319202,0.2743142144638404,0.0760598503740648,0.0311720698254364,0.0635910224438902,0.0,0,2
13184,0,66,0,1,1,38.76712034507499,-9.186425325132728,0,9,1,112,0.2043245573925517,4,176,8,98,100,354,42,61,48,0,0.1984216459977452,0.0090191657271702,0.1104847801578354,0.1127395715896279,0.399098083427283,0.0473506200676437,0.068771138669673,0.0541149943630214,0.0,0,2
13277,0,76,0,0,1,38.75824232166253,-9.167091282152256,0,11,1,109,0.1993548506790732,6,231,10,97,100,465,44,44,47,0,0.222543352601156,0.0096339113680154,0.0934489402697495,0.0963391136801541,0.4479768786127168,0.0423892100192678,0.0423892100192678,0.0452793834296724,0.0,0,2
13356,1,74,0,1,1,38.78014212789132,-9.200359351477443,0,9,1,124,0.2105827696106776,5,258,7,96,102,270,54,69,54,0,0.2835164835164835,0.0076923076923076,0.1054945054945055,0.112087912087912,0.2967032967032967,0.0593406593406593,0.0758241758241758,0.0593406593406593,0.0,0,2
13361,0,81,0,1,1,38.71608958381852,-9.194968661279974,0,11,1,111,0.2054795188893529,5,283,6,99,94,267,56,45,52,0,0.3137472283813747,0.0066518847006651,0.1097560975609756,0.1042128603104212,0.2960088691796009,0.0620842572062084,0.0498891352549889,0.0576496674057649,0.0,0,2
13432,1,65,0,0,1,38.76262474600843,-9.164657320163323,0,10,1,95,0.2026590699162698,5,193,10,102,103,408,20,69,45,0,0.2031578947368421,0.0105263157894736,0.1073684210526315,0.1084210526315789,0.4294736842105263,0.0210526315789473,0.0726315789473684,0.0473684210526315,0.0,0,2
13483,1,82,0,1,0,38.70890085682341,-9.176700317105798,0,11,1,106,0.1997432516784689,3,183,9,100,96,483,73,77,54,0,0.1702325581395349,0.0083720930232558,0.0930232558139534,0.0893023255813953,0.4493023255813953,0.067906976744186,0.0716279069767441,0.0502325581395348,0.0,0,2
13571,1,69,0,0,0,38.7486959210997,-9.20429139477204,0,8,1,96,0.2005477869922764,2,171,10,96,99,402,55,60,50,0,0.1813361611876988,0.0106044538706256,0.1018027571580063,0.104984093319194,0.4262990455991516,0.0583244962884411,0.0636267232237539,0.0530222693531283,0.0,0,2
13635,0,67,0,1,1,38.7221490089422,-9.186536853379236,0,10,1,91,0.1969834369016534,4,232,9,99,99,252,76,98,54,0,0.2524483133841131,0.0097932535364526,0.1077257889009793,0.1077257889009793,0.2742110990206746,0.0826985854189336,0.1066376496191512,0.058759521218716,0.0,0,2
13671,1,61,0,0,0,38.758983989489,-9.163111202887,0,10,1,106,0.2048949957347866,5,64,10,103,99,391,31,45,55,0,0.0802005012531328,0.012531328320802,0.1290726817042606,0.1240601503759398,0.4899749373433584,0.0388471177944862,0.056390977443609,0.068922305764411,0.0,0,2
14163,0,73,0,0,1,38.785776678645846,-9.134240243978734,0,8,1,97,0.200305819456705,3,214,9,93,98,342,39,69,41,0,0.23646408839779,0.0099447513812154,0.1027624309392265,0.1082872928176795,0.3779005524861878,0.0430939226519337,0.0762430939226519,0.0453038674033149,0.0,0,2
14234,0,81,0,1,0,38.73305943714569,-9.162932379353313,0,9,1,104,0.1990984638778361,4,264,10,103,97,366,11,45,39,0,0.2823529411764706,0.0106951871657754,0.1101604278074866,0.1037433155080213,0.3914438502673796,0.0117647058823529,0.0481283422459893,0.041711229946524,0.0,0,2
14482,1,80,0,1,0,38.763090546851416,-9.164556352428946,0,10,1,99,0.2028576837592615,2,153,11,101,106,144,22,77,49,0,0.2307692307692307,0.0165912518853695,0.1523378582202111,0.1598793363499245,0.2171945701357466,0.033182503770739,0.1161387631975867,0.0739064856711915,0.0,0,2
14535,1,80,0,1,0,38.7383267496855,-9.191042100589728,0,11,1,107,0.198623034311116,6,201,10,106,99,278,47,23,45,0,0.2484548825710754,0.0123609394313967,0.1310259579728059,0.1223733003708281,0.3436341161928306,0.0580964153275649,0.0284301606922126,0.0556242274412855,0.0,0,2
14575,1,69,0,0,1,38.70863473108961,-9.194911131656587,0,11,1,113,0.2014433517468017,4,210,9,102,92,317,71,51,51,0,0.2325581395348837,0.0099667774086378,0.1129568106312292,0.1018826135105204,0.3510520487264673,0.0786267995570321,0.0564784053156146,0.0564784053156146,0.0,0,2
14594,1,70,0,1,0,38.77356281467157,-9.178112320493591,0,8,1,114,0.2075476241593962,3,233,6,98,104,349,78,31,47,0,0.2463002114164905,0.0063424947145877,0.1035940803382663,0.1099365750528541,0.3689217758985201,0.0824524312896406,0.0327695560253699,0.0496828752642706,0.0,0,2
14605,0,68,0,0,1,38.762189265264325,-9.139786857443085,0,12,1,93,0.1973263153183086,5,194,10,90,106,295,46,42,39,0,0.2360097323600973,0.0121654501216545,0.1094890510948905,0.1289537712895377,0.3588807785888078,0.0559610705596107,0.0510948905109489,0.0474452554744525,0.0,0,2
14695,0,65,0,0,0,38.72581931525254,-9.208442810008592,0,9,1,109,0.2002683846680039,6,218,11,103,98,181,82,79,51,0,0.2648845686512758,0.0133657351154313,0.1251518833535844,0.1190765492102065,0.2199270959902794,0.0996354799513973,0.0959902794653706,0.0619684082624544,0.0,0,2
14713,0,68,0,0,1,38.71463054947412,-9.180868181597011,0,10,1,103,0.1883267272549998,3,239,10,91,98,208,66,42,53,0,0.2961586121437422,0.0123915737298636,0.1127633209417596,0.1214374225526641,0.2577447335811648,0.0817843866171003,0.0520446096654275,0.0656753407682775,0.0,0,2
14804,1,83,0,0,0,38.755559557350665,-9.198461539437917,0,10,1,104,0.2037276312687891,0,186,10,89,102,420,31,64,42,0,0.1970338983050847,0.010593220338983,0.0942796610169491,0.1080508474576271,0.4449152542372881,0.0328389830508474,0.0677966101694915,0.0444915254237288,0.0,0,2
14847,1,78,0,1,1,38.70925557418364,-9.19592964829572,0,11,1,103,0.20451602756886,7,159,12,102,95,379,45,42,51,0,0.1796610169491525,0.0135593220338983,0.1152542372881356,0.1073446327683615,0.4282485875706214,0.0508474576271186,0.047457627118644,0.0576271186440678,0.0,0,2
14910,0,70,0,0,1,38.73671394853814,-9.202481446685626,0,10,1,106,0.2045893979030061,6,224,10,108,96,231,35,68,47,0,0.2735042735042735,0.0122100122100122,0.1318681318681318,0.1172161172161172,0.282051282051282,0.0427350427350427,0.083028083028083,0.0573870573870573,0.0,0,2
14924,0,69,0,1,1,38.77253239109284,-9.187970690273936,0,10,1,99,0.2010525775986054,2,126,12,99,113,318,77,80,54,0,0.1433447098976109,0.0136518771331058,0.1126279863481228,0.1285551763367463,0.3617747440273037,0.0875995449374289,0.0910125142207053,0.0614334470989761,0.0,0,2
15096,0,73,0,0,0,38.76655550145446,-9.210276558574622,0,10,1,92,0.2042889373005448,5,93,9,100,101,198,113,55,50,0,0.129346314325452,0.0125173852573018,0.1390820584144645,0.1404728789986092,0.2753824756606398,0.1571627260083449,0.0764951321279554,0.0695410292072322,0.0,0,2
15285,1,72,0,0,0,38.72908557164944,-9.168202322365657,0,11,1,100,0.2077455681114353,3,256,9,94,98,319,34,61,49,0,0.2782608695652174,0.0097826086956521,0.1021739130434782,0.1065217391304347,0.3467391304347826,0.0369565217391304,0.0663043478260869,0.0532608695652173,0.0,0,2
15295,0,67,0,0,1,38.771187373267566,-9.15947685462703,0,9,1,111,0.2056426628898591,4,228,11,101,97,447,26,34,46,0,0.2303030303030303,0.0111111111111111,0.102020202020202,0.0979797979797979,0.4515151515151515,0.0262626262626262,0.0343434343434343,0.0464646464646464,0.0,0,2
15427,1,64,0,1,0,38.77284936549837,-9.149980603185826,0,12,1,110,0.1996011800763546,3,223,10,105,115,331,44,50,59,0,0.2379935965848452,0.0106723585912486,0.1120597652081109,0.1227321237993596,0.3532550693703308,0.0469583778014941,0.0533617929562433,0.0629669156883671,0.0,0,2
15545,1,75,0,0,0,38.72320693238662,-9.175044419169897,0,13,1,103,0.1979894247275634,3,147,9,95,103,160,81,16,55,0,0.2207207207207207,0.0135135135135135,0.1426426426426426,0.1546546546546546,0.2402402402402402,0.1216216216216216,0.024024024024024,0.0825825825825825,0.0,0,2
15594,1,69,0,1,0,38.73085210788051,-9.206830458047264,0,13,1,113,0.2016225981624772,5,183,8,94,92,499,36,26,43,0,0.1865443425076452,0.0081549439347604,0.0958205912334352,0.0937818552497451,0.508664627930683,0.036697247706422,0.0265035677879714,0.0438328236493374,0.0,0,2
15597,0,66,0,0,0,38.71646011114938,-9.17577721094745,0,10,1,107,0.1931256664145553,4,247,9,94,103,327,43,69,52,0,0.2616525423728814,0.0095338983050847,0.0995762711864406,0.1091101694915254,0.3463983050847458,0.0455508474576271,0.073093220338983,0.0550847457627118,0.0,0,2
15766,1,73,0,1,1,38.71655801544015,-9.16399403998184,0,10,1,100,0.2055557184453585,2,239,10,102,102,327,62,49,51,0,0.2537154989384289,0.0106157112526539,0.10828025477707,0.10828025477707,0.3471337579617834,0.0658174097664543,0.0520169851380042,0.054140127388535,0.0,0,2
15769,0,78,0,1,0,38.74577495012542,-9.18225237347159,0,9,1,118,0.198868628907073,5,164,12,98,100,194,90,82,60,0,0.205,0.015,0.1225,0.125,0.2425,0.1125,0.1025,0.075,0.0,0,2
15779,0,63,0,1,0,38.75528498763431,-9.186233150130574,0,9,1,106,0.1923203665639017,5,173,13,98,95,295,27,36,51,0,0.2195431472081218,0.016497461928934,0.1243654822335025,0.1205583756345177,0.3743654822335025,0.0342639593908629,0.0456852791878172,0.0647208121827411,0.0,0,2
15892,1,65,0,0,1,38.75056086630188,-9.149412883376398,0,10,1,110,0.1947290567937512,5,183,16,103,101,362,38,32,46,0,0.2077185017026106,0.0181611804767309,0.1169125993189557,0.1146424517593643,0.4108967082860386,0.043132803632236,0.0363223609534619,0.0522133938706015,0.0,0,2
16032,1,68,0,1,0,38.76594542962602,-9.156993848701632,0,10,1,102,0.2010673037980119,8,150,12,97,104,291,54,47,61,0,0.1838235294117647,0.0147058823529411,0.1188725490196078,0.1274509803921568,0.3566176470588235,0.0661764705882353,0.0575980392156862,0.0747549019607843,0.0,0,2
16124,0,66,0,0,1,38.74041140539477,-9.16573018129924,0,9,1,102,0.2028991317888097,3,261,11,102,102,286,46,43,54,0,0.2883977900552486,0.0121546961325966,0.112707182320442,0.112707182320442,0.3160220994475138,0.0508287292817679,0.0475138121546961,0.0596685082872928,0.0,0,2
16142,1,79,0,0,1,38.756513285450616,-9.203430683061066,0,10,1,108,0.1930802517745528,2,307,13,102,101,345,40,59,48,0,0.3024630541871921,0.012807881773399,0.1004926108374384,0.0995073891625615,0.3399014778325123,0.0394088669950738,0.0581280788177339,0.0472906403940886,0.0,0,2
16336,0,82,0,0,0,38.77892783259008,-9.157236477423684,0,9,1,106,0.2046853851733205,0,154,13,92,98,445,65,64,42,0,0.158273381294964,0.013360739979445,0.0945529290853031,0.1007194244604316,0.4573484069886948,0.066803699897225,0.065775950668037,0.0431654676258992,0.0,0,2
16403,1,79,0,1,0,38.74500610855269,-9.194089027377872,0,10,1,108,0.1945406269069463,6,202,8,102,100,501,42,44,50,0,0.1925643469971401,0.0076263107721639,0.0972354623450905,0.0953288846520495,0.4775977121067683,0.0400381315538608,0.0419447092469018,0.0476644423260247,0.0,0,2
16435,1,82,0,0,0,38.70976771161747,-9.179667438358203,0,10,1,88,0.2074646958651155,8,139,11,109,106,327,43,66,45,0,0.1643026004728132,0.0130023640661938,0.1288416075650118,0.1252955082742316,0.3865248226950354,0.0508274231678487,0.0780141843971631,0.0531914893617021,0.0,0,2
16533,0,60,0,1,0,38.70942019318418,-9.172480864025337,0,10,1,103,0.1993690331535895,2,252,8,108,99,382,33,70,55,0,0.2502482621648461,0.0079443892750744,0.1072492552135054,0.0983118172790466,0.3793445878848063,0.0327706057596822,0.0695134061569016,0.054617676266137,0.0,0,2
16586,0,71,0,0,0,38.73684760353936,-9.18806447810526,0,10,1,99,0.1953141863530853,4,162,11,98,101,272,54,47,55,0,0.2025,0.01375,0.1225,0.12625,0.34,0.0675,0.05875,0.06875,0.0,0,2
16755,0,77,0,0,0,38.71142587776329,-9.203371586803542,0,9,1,94,0.1979714112052292,6,174,13,102,102,311,58,37,46,0,0.2064056939501779,0.0154211150652431,0.1209964412811387,0.1209964412811387,0.3689205219454329,0.0688018979833926,0.0438908659549228,0.0545670225385527,0.0,0,2
16760,1,64,0,0,1,38.74341620608193,-9.14802391379776,0,9,1,90,0.2031644868617371,4,157,13,103,96,265,10,39,47,0,0.2150684931506849,0.0178082191780821,0.1410958904109589,0.1315068493150684,0.363013698630137,0.0136986301369863,0.0534246575342465,0.0643835616438356,0.0,0,2
16784,1,67,0,1,0,38.77602950237949,-9.197438127348477,0,11,1,99,0.208750128685948,0,238,10,107,101,297,40,52,48,0,0.2665173572228443,0.0111982082866741,0.1198208286674132,0.1131019036954087,0.3325867861142217,0.0447928331466965,0.0582306830907054,0.0537513997760358,0.0,0,2
16991,1,77,0,0,0,38.74812431363206,-9.189766444624745,0,8,1,100,0.2033801593353744,9,66,10,97,101,160,54,16,39,0,0.1215469613259668,0.0184162062615101,0.1786372007366482,0.1860036832412523,0.2946593001841621,0.0994475138121546,0.0294659300184162,0.0718232044198895,0.0,0,2
17115,1,66,0,1,1,38.78754830514319,-9.138401632451338,0,10,1,105,0.191757694580493,2,174,12,101,102,154,49,68,48,0,0.2457627118644068,0.0169491525423728,0.1426553672316384,0.1440677966101695,0.2175141242937853,0.0692090395480226,0.096045197740113,0.0677966101694915,0.0,0,2
17194,0,67,0,1,0,38.70861998917574,-9.174909766163802,0,10,1,97,0.200741053638071,5,146,8,91,97,365,36,30,44,0,0.1787025703794369,0.0097919216646266,0.1113831089351285,0.1187270501835985,0.4467564259485924,0.04406364749082,0.03671970624235,0.0538555691554467,0.0,0,2
17276,0,61,0,0,0,38.75455847904927,-9.154362378601444,0,11,1,89,0.194391820266275,4,97,10,94,98,282,50,53,51,0,0.1319727891156462,0.0136054421768707,0.127891156462585,0.1333333333333333,0.3836734693877551,0.0680272108843537,0.0721088435374149,0.0693877551020408,0.0,0,2
17278,0,80,0,1,0,38.71495185763941,-9.150429642149987,0,9,1,99,0.2023806033316908,5,155,13,102,97,359,40,84,61,0,0.1701427003293084,0.0142700329308452,0.1119648737650933,0.106476399560922,0.3940724478594951,0.0439077936333699,0.0922063666300768,0.0669593852908891,0.0,0,2
17355,1,76,0,1,0,38.72542945436279,-9.139897018310007,0,10,1,96,0.1949871652478186,9,210,7,99,91,245,9,34,56,0,0.2796271637816245,0.0093209054593874,0.1318242343541944,0.1211717709720372,0.3262316910785619,0.0119840213049267,0.0452729693741677,0.0745672436750998,0.0,0,2
17479,0,81,0,1,0,38.72964971774767,-9.179193946048573,0,10,1,93,0.2054423824967872,5,191,9,95,101,363,46,35,49,0,0.2148481439820022,0.0101237345331833,0.1068616422947131,0.1136107986501687,0.4083239595050618,0.0517435320584926,0.0393700787401574,0.0551181102362204,0.0,0,2
17494,0,60,0,1,1,38.71053372417246,-9.195848073398622,0,11,1,89,0.1926026463923898,7,174,11,97,99,364,79,23,48,0,0.194413407821229,0.012290502793296,0.1083798882681564,0.1106145251396648,0.4067039106145251,0.088268156424581,0.0256983240223463,0.0536312849162011,0.0,0,2
17841,1,72,0,0,0,38.76434591157668,-9.179744276197562,0,8,1,105,0.192869711724158,2,230,7,99,99,141,48,34,55,0,0.3225806451612903,0.0098176718092566,0.1388499298737728,0.1388499298737728,0.1977559607293127,0.0673211781206171,0.0476858345021037,0.0771388499298737,0.0,0,2
17853,0,83,0,1,0,38.77588561303177,-9.18515077818731,0,11,1,103,0.1979294133627708,1,146,6,97,101,422,32,42,50,0,0.1629464285714285,0.0066964285714285,0.1082589285714285,0.1127232142857142,0.4709821428571428,0.0357142857142857,0.046875,0.0558035714285714,0.0,0,2
18003,1,64,0,0,1,38.72096719637034,-9.16768259236428,0,10,1,112,0.2064588798626959,4,208,11,91,94,189,48,47,52,0,0.2810810810810811,0.0148648648648648,0.1229729729729729,0.127027027027027,0.2554054054054054,0.0648648648648648,0.0635135135135135,0.0702702702702702,0.0,0,2
18125,0,59,0,1,0,38.72440285148882,-9.181283330174129,0,10,1,105,0.1990848648981935,4,116,11,94,106,274,60,25,43,0,0.1591220850480109,0.0150891632373113,0.1289437585733882,0.1454046639231824,0.3758573388203017,0.0823045267489712,0.0342935528120713,0.0589849108367626,0.0,0,2
18145,0,66,0,0,0,38.74279327742092,-9.149261569345608,0,9,1,83,0.2020681447074692,2,258,5,109,88,276,67,45,56,0,0.2853982300884956,0.0055309734513274,0.120575221238938,0.0973451327433628,0.3053097345132743,0.0741150442477876,0.0497787610619469,0.0619469026548672,0.0,0,2
18146,1,61,0,1,1,38.7859441426905,-9.212417959267176,0,9,1,87,0.2007054011311082,9,219,10,95,102,397,39,38,46,0,0.2315010570824524,0.0105708245243128,0.1004228329809725,0.1078224101479915,0.4196617336152219,0.0412262156448203,0.040169133192389,0.0486257928118393,0.0,0,2
18271,0,67,0,0,1,38.781011596054775,-9.165271947994537,0,10,1,95,0.2026446095261709,5,178,9,100,99,353,72,45,42,0,0.198218262806236,0.010022271714922,0.111358574610245,0.1102449888641425,0.3930957683741648,0.0801781737193764,0.0501113585746102,0.0467706013363029,0.0,0,2
18301,1,60,0,0,0,38.75729574286588,-9.152466742960272,0,9,1,95,0.2019879408792979,6,302,10,100,98,127,48,23,46,0,0.4005305039787798,0.013262599469496,0.1326259946949602,0.129973474801061,0.1684350132625994,0.0636604774535809,0.0305039787798408,0.0610079575596817,0.0,0,2
18390,1,80,0,0,1,38.76551750730291,-9.181508065039177,0,10,1,111,0.2042966992043442,2,208,7,99,91,192,24,38,56,0,0.2909090909090909,0.0097902097902097,0.1384615384615384,0.1272727272727272,0.2685314685314685,0.0335664335664335,0.0531468531468531,0.0783216783216783,0.0,0,2
18409,0,80,0,0,1,38.735822023324495,-9.200585521068552,0,11,1,127,0.2101631765754406,7,175,10,103,104,171,98,51,49,0,0.2299605781865965,0.0131406044678055,0.1353482260183968,0.1366622864651774,0.2247043363994743,0.1287779237844941,0.0670170827858081,0.064388961892247,0.0,0,2
18754,0,79,0,0,1,38.76137735413848,-9.19873202376107,0,10,1,90,0.2072637345541378,3,241,8,102,100,216,13,44,51,0,0.3109677419354839,0.0103225806451612,0.1316129032258064,0.1290322580645161,0.2787096774193548,0.016774193548387,0.0567741935483871,0.0658064516129032,0.0,0,2
18986,1,72,0,0,1,38.73130218707405,-9.202491081133962,0,10,1,106,0.1961172077091557,6,243,8,96,100,333,36,52,48,0,0.2652838427947598,0.0087336244541484,0.1048034934497816,0.1091703056768559,0.3635371179039301,0.0393013100436681,0.056768558951965,0.0524017467248908,0.0,0,2
19085,1,77,0,1,0,38.72315333946642,-9.1453801343265,0,8,1,97,0.2064384750011995,9,212,10,98,93,423,48,82,45,0,0.2096933728981206,0.009891196834817,0.0969337289812067,0.0919881305637982,0.4183976261127596,0.0474777448071216,0.0811078140454995,0.0445103857566765,0.0,0,2
19150,1,78,0,0,1,38.74699434969065,-9.160563558339405,0,10,1,85,0.1986003790930863,5,219,11,108,103,260,22,66,42,0,0.2635379061371841,0.01323706377858,0.1299638989169675,0.1239470517448856,0.3128760529482551,0.02647412755716,0.0794223826714801,0.0505415162454873,0.0,0,2
19201,0,66,0,0,0,38.74045889986038,-9.20757116671047,0,9,1,84,0.205918711344167,3,278,10,107,105,201,74,51,48,0,0.3180778032036613,0.011441647597254,0.1224256292906178,0.120137299771167,0.2299771167048055,0.0846681922196796,0.0583524027459954,0.0549199084668192,0.0,0,2
19209,1,76,0,0,0,38.75914022758934,-9.176395978529955,0,11,1,95,0.1990011503369932,6,145,10,102,100,351,52,46,52,0,0.168997668997669,0.0116550116550116,0.1188811188811188,0.1165501165501165,0.4090909090909091,0.0606060606060606,0.0536130536130536,0.0606060606060606,0.0,0,2
19253,1,67,0,1,1,38.72847608083151,-9.181574137909504,0,10,1,91,0.2065725429474264,2,191,14,107,95,262,56,53,62,0,0.2273809523809523,0.0166666666666666,0.1273809523809523,0.1130952380952381,0.3119047619047619,0.0666666666666666,0.0630952380952381,0.0738095238095238,0.0,0,2
19372,1,63,0,0,1,38.76379284477713,-9.152011371186516,0,9,1,98,0.2038813037180505,4,258,10,100,97,232,52,60,61,0,0.296551724137931,0.0114942528735632,0.1149425287356321,0.1114942528735632,0.2666666666666666,0.0597701149425287,0.0689655172413793,0.0701149425287356,0.0,0,2
19416,0,66,0,0,0,38.76203843919168,-9.196779110200431,0,11,1,97,0.2054269320485676,2,226,14,105,92,324,13,42,50,0,0.2609699769053117,0.0161662817551963,0.1212471131639722,0.1062355658198614,0.3741339491916859,0.0150115473441108,0.0484988452655889,0.0577367205542725,0.0,0,2
19776,0,80,0,1,0,38.72196554182151,-9.15017638298948,0,11,1,102,0.1990861772441669,3,160,9,102,93,176,43,94,42,0,0.2225312934631432,0.0125173852573018,0.1418636995827538,0.129346314325452,0.2447844228094575,0.0598052851182197,0.1307371349095966,0.0584144645340751,0.0,0,2
19781,1,59,0,1,0,38.713706567278585,-9.208872679366946,0,8,1,102,0.200440771767514,3,254,13,112,106,166,23,81,51,0,0.315136476426799,0.0161290322580645,0.1389578163771712,0.1315136476426799,0.205955334987593,0.0285359801488833,0.1004962779156327,0.0632754342431761,0.0,0,2
20021,0,67,0,0,0,38.71059465186423,-9.19501990895519,0,11,1,110,0.1961609347813099,1,233,8,92,108,329,51,53,51,0,0.2518918918918919,0.0086486486486486,0.0994594594594594,0.1167567567567567,0.3556756756756756,0.0551351351351351,0.0572972972972972,0.0551351351351351,0.0,0,2
20111,1,79,0,1,1,38.76905645008561,-9.159039032885293,0,10,1,99,0.2003942024189514,2,214,8,101,108,236,73,29,49,0,0.2616136919315403,0.0097799511002444,0.1234718826405868,0.1320293398533007,0.2885085574572127,0.089242053789731,0.0354523227383863,0.0599022004889975,0.0,0,2
20485,0,61,0,1,0,38.77875867375007,-9.13382117794263,0,9,1,110,0.1911680156286497,3,130,9,96,94,244,89,30,52,0,0.1747311827956989,0.0120967741935483,0.1290322580645161,0.1263440860215053,0.3279569892473118,0.1196236559139785,0.0403225806451612,0.0698924731182795,0.0,0,2
20724,0,82,0,1,1,38.71033037680113,-9.19314174675498,0,10,1,88,0.2045762896951596,6,142,10,92,111,337,43,52,57,0,0.1682464454976303,0.0118483412322274,0.1090047393364928,0.1315165876777251,0.3992890995260663,0.0509478672985782,0.0616113744075829,0.0675355450236966,0.0,0,2
20928,0,79,0,0,1,38.75471917262111,-9.157755426661744,0,9,1,112,0.1978957519446519,4,189,13,98,95,203,82,51,54,0,0.240764331210191,0.0165605095541401,0.1248407643312101,0.1210191082802547,0.2585987261146497,0.1044585987261146,0.064968152866242,0.0687898089171974,0.0,0,2
20938,1,77,0,0,1,38.72363527278164,-9.143087316626897,0,9,1,97,0.1998260243761784,1,183,9,112,107,323,58,41,56,0,0.2058492688413948,0.0101237345331833,0.1259842519685039,0.1203599550056243,0.3633295838020247,0.0652418447694038,0.046119235095613,0.0629921259842519,0.0,0,2
21021,0,75,0,0,1,38.78651929634799,-9.210372365455578,0,10,1,113,0.1955985692433157,3,168,8,99,95,276,63,78,54,0,0.1997621878715814,0.0095124851367419,0.1177170035671819,0.1129607609988109,0.3281807372175981,0.074910820451843,0.0927467300832342,0.0642092746730083,0.0,0,2
21260,0,61,0,1,1,38.76532264043486,-9.18123687992319,0,10,1,110,0.1993920512662793,6,154,11,98,106,331,71,81,44,0,0.171875,0.0122767857142857,0.109375,0.1183035714285714,0.3694196428571428,0.0792410714285714,0.0904017857142857,0.0491071428571428,0.0,0,2
21376,0,65,0,0,0,38.72584077081622,-9.144206220995663,0,11,1,102,0.1979738119468068,4,209,8,105,101,517,57,52,58,0,0.1887985546522131,0.007226738934056,0.0948509485094851,0.091237579042457,0.4670280036133695,0.051490514905149,0.046973803071364,0.052393857271906,0.0,0,2
21394,0,65,0,1,1,38.71410523306364,-9.182169163982149,0,10,1,110,0.1950029556758945,9,193,9,100,100,92,15,62,59,0,0.3063492063492063,0.0142857142857142,0.1587301587301587,0.1587301587301587,0.146031746031746,0.0238095238095238,0.0984126984126984,0.0936507936507936,0.0,0,2
21694,1,79,0,0,0,38.76759914248184,-9.207837889657071,0,9,1,98,0.2029583159403879,3,216,13,93,93,201,36,38,51,0,0.291497975708502,0.0175438596491228,0.1255060728744939,0.1255060728744939,0.2712550607287449,0.048582995951417,0.0512820512820512,0.068825910931174,0.0,0,2
21905,0,80,0,0,1,38.72999747871727,-9.164847886651208,0,9,1,95,0.2002635150343386,8,260,7,97,102,367,20,94,49,0,0.2610441767068273,0.0070281124497991,0.0973895582329317,0.1024096385542168,0.3684738955823293,0.0200803212851405,0.0943775100401606,0.0491967871485943,0.0,0,2
21916,1,62,0,0,1,38.78428511339493,-9.14470227211267,0,10,1,90,0.2057072458130983,4,215,9,98,101,315,49,78,59,0,0.2326839826839827,0.0097402597402597,0.106060606060606,0.1093073593073593,0.3409090909090909,0.053030303030303,0.0844155844155844,0.0638528138528138,0.0,0,2
21964,1,82,0,0,1,38.70858832511912,-9.2041190920592,0,9,1,111,0.1882203724294487,6,234,7,91,94,411,39,45,47,0,0.2417355371900826,0.0072314049586776,0.0940082644628099,0.0971074380165289,0.4245867768595041,0.0402892561983471,0.0464876033057851,0.0485537190082644,0.0,0,2
21985,1,75,0,1,1,38.72675149339459,-9.153847262742024,0,10,1,115,0.1968946131966663,1,180,10,102,104,142,88,46,42,0,0.2521008403361344,0.0140056022408963,0.1428571428571428,0.1456582633053221,0.1988795518207282,0.1232492997198879,0.0644257703081232,0.0588235294117647,0.0,0,2
22242,1,66,0,0,0,38.78724654847406,-9.139430036129411,0,11,1,90,0.2007457415709841,4,250,6,106,102,436,37,55,49,0,0.2401536983669548,0.0057636887608069,0.1018251681075888,0.0979827089337175,0.4188280499519692,0.0355427473583093,0.05283381364073,0.0470701248799231,0.0,0,2
22307,1,77,0,1,1,38.78654104846503,-9.181417540124995,0,9,1,88,0.1963945381682619,1,209,10,98,95,233,83,54,52,0,0.250599520383693,0.0119904076738609,0.1175059952038369,0.1139088729016786,0.2793764988009592,0.0995203836930455,0.0647482014388489,0.0623501199040767,0.0,0,2
22477,0,77,0,0,1,38.71512888991342,-9.154480751471752,0,9,1,104,0.1975797468912366,5,212,9,93,98,501,73,43,43,0,0.1977611940298507,0.0083955223880597,0.0867537313432835,0.0914179104477612,0.4673507462686567,0.0680970149253731,0.0401119402985074,0.0401119402985074,0.0,0,2
22486,1,80,0,0,0,38.772763285710816,-9.202165088292327,0,10,1,94,0.2014389323198232,5,228,8,104,97,386,53,52,47,0,0.2338461538461538,0.0082051282051282,0.1066666666666666,0.0994871794871794,0.3958974358974359,0.0543589743589743,0.0533333333333333,0.0482051282051282,0.0,0,2
22542,0,72,0,0,0,38.71221104638817,-9.201310677003406,0,10,1,87,0.1944699230180178,4,175,10,91,111,119,13,55,48,0,0.2813504823151125,0.0160771704180064,0.1463022508038585,0.1784565916398713,0.1913183279742765,0.0209003215434083,0.0884244372990353,0.0771704180064308,0.0,0,2
22618,0,83,0,0,0,38.759714272775206,-9.144009339357254,0,10,1,87,0.1962083481562679,7,143,11,94,94,311,46,73,57,0,0.1724969843184559,0.0132689987937273,0.1133896260554885,0.1133896260554885,0.3751507840772014,0.0554885404101326,0.0880579010856453,0.06875753920386,0.0,0,2
22836,1,82,0,0,1,38.73602854837864,-9.18155801128737,0,10,1,89,0.1936314263831584,5,162,9,105,101,438,32,23,43,0,0.1774370208105148,0.0098576122672508,0.1150054764512595,0.1106243154435925,0.4797371303395399,0.0350492880613362,0.0251916757940854,0.0470974808324205,0.0,0,2
22955,1,79,0,0,0,38.75579229212741,-9.150482667662043,0,10,1,110,0.2016134112026846,4,230,8,107,98,191,90,46,49,0,0.2808302808302808,0.0097680097680097,0.1306471306471306,0.1196581196581196,0.2332112332112332,0.1098901098901098,0.0561660561660561,0.0598290598290598,0.0,0,2
22980,1,70,0,0,0,38.7859576202266,-9.21250444051622,0,11,1,107,0.2008972918269177,6,170,10,105,102,309,35,2,45,0,0.2185089974293059,0.0128534704370179,0.1349614395886889,0.1311053984575835,0.397172236503856,0.0449871465295629,0.0025706940874035,0.0578406169665809,0.0,0,2
23009,0,62,0,1,1,38.72268886137887,-9.158155464328631,0,9,1,116,0.2044214872994592,8,206,10,99,90,338,34,77,55,0,0.2266226622662266,0.011001100110011,0.1089108910891089,0.099009900990099,0.3718371837183718,0.0374037403740374,0.0847084708470847,0.0605060506050605,0.0,0,2
23131,0,80,0,1,0,38.74105012527927,-9.205605518238626,0,11,1,93,0.1933856487434278,2,180,13,100,95,246,25,72,53,0,0.2295918367346938,0.0165816326530612,0.1275510204081632,0.1211734693877551,0.3137755102040816,0.0318877551020408,0.0918367346938775,0.0676020408163265,0.0,0,2
23183,0,72,0,0,1,38.73840413153384,-9.153767957592466,0,12,1,73,0.2090005820556426,4,164,11,98,102,309,53,54,46,0,0.1959378733572282,0.013142174432497,0.1170848267622461,0.1218637992831541,0.3691756272401433,0.063321385902031,0.064516129032258,0.054958183990442,0.0,0,2
23185,0,70,0,1,0,38.77756006264615,-9.174305991899695,0,12,1,93,0.1985721871870949,4,190,12,98,99,163,60,59,46,0,0.2613480055020633,0.0165061898211829,0.1348005502063273,0.1361760660247593,0.2242090784044016,0.0825309491059147,0.0811554332874828,0.0632737276478679,0.0,0,2
23303,1,66,0,0,0,38.75557172099843,-9.169756233794176,0,12,1,100,0.2035666937486155,3,239,12,97,96,338,73,62,55,0,0.2458847736625514,0.0123456790123456,0.0997942386831275,0.0987654320987654,0.3477366255144033,0.0751028806584362,0.0637860082304526,0.0565843621399176,0.0,0,2
23423,0,74,0,0,0,38.70903236561737,-9.147280701988562,0,12,1,111,0.1967727027835096,8,216,12,104,100,239,21,56,47,0,0.2716981132075471,0.0150943396226415,0.130817610062893,0.1257861635220125,0.30062893081761,0.0264150943396226,0.070440251572327,0.0591194968553459,0.0,0,2
23449,0,64,0,1,1,38.75344299947825,-9.180726540611513,0,9,1,93,0.1958586487777885,4,128,11,88,87,141,33,68,41,0,0.2144053601340033,0.0184254606365159,0.1474036850921273,0.1457286432160804,0.236180904522613,0.0552763819095477,0.1139028475711892,0.0686767169179229,0.0,0,2
23549,1,64,0,0,0,38.7828350409754,-9.145530125965912,0,9,1,93,0.1936244052329305,8,155,9,106,100,444,49,69,43,0,0.1589743589743589,0.0092307692307692,0.1087179487179487,0.1025641025641025,0.4553846153846154,0.0502564102564102,0.0707692307692307,0.0441025641025641,0.0,0,2
23650,1,82,0,0,0,38.7082528831218,-9.15802446847259,0,10,1,101,0.2076552708031842,3,175,7,89,106,182,58,60,50,0,0.2407152682255846,0.0096286107290233,0.1224209078404401,0.1458046767537826,0.2503438789546079,0.0797799174690508,0.0825309491059147,0.0687757909215956,0.0,0,2
23689,0,80,0,1,1,38.70981788856317,-9.200025186215171,0,12,1,104,0.2093723800832615,6,175,11,106,106,353,62,36,51,0,0.1944444444444444,0.0122222222222222,0.1177777777777777,0.1177777777777777,0.3922222222222222,0.0688888888888888,0.04,0.0566666666666666,0.0,0,2
23695,1,67,0,1,1,38.73813361137808,-9.21051106311392,0,10,1,93,0.2043709544740315,4,238,8,104,100,341,85,30,62,0,0.2458677685950413,0.0082644628099173,0.1074380165289256,0.1033057851239669,0.3522727272727273,0.0878099173553719,0.03099173553719,0.0640495867768595,0.0,0,2
23900,1,69,0,1,1,38.75941595036417,-9.208796483440503,0,10,1,102,0.201118383105469,3,171,9,91,105,420,46,41,52,0,0.1828877005347593,0.0096256684491978,0.0973262032085561,0.1122994652406417,0.4491978609625668,0.0491978609625668,0.0438502673796791,0.055614973262032,0.0,0,2
23981,1,76,0,1,0,38.71427502963382,-9.168821057984584,0,10,1,95,0.2023319380027429,9,194,12,102,101,220,61,66,39,0,0.2440251572327044,0.0150943396226415,0.1283018867924528,0.1270440251572327,0.2767295597484276,0.0767295597484276,0.0830188679245283,0.0490566037735849,0.0,0,2
24227,1,78,0,1,1,38.741383733729286,-9.188103009173677,0,9,1,103,0.1995161550409233,8,222,9,96,106,387,72,83,49,0,0.216796875,0.0087890625,0.09375,0.103515625,0.3779296875,0.0703125,0.0810546875,0.0478515625,0.0,0,2
24368,1,71,0,0,0,38.7639767050876,-9.155658330629183,0,10,1,99,0.2034381505870935,4,195,8,102,103,98,44,63,50,0,0.2941176470588235,0.0120663650075414,0.1538461538461538,0.1553544494720965,0.1478129713423831,0.0663650075414781,0.0950226244343891,0.0754147812971342,0.0,0,2
24386,1,72,0,1,1,38.76509288508471,-9.18722500519915,0,10,1,101,0.2020859859623643,4,169,12,98,105,340,53,36,53,0,0.1951501154734411,0.0138568129330254,0.1131639722863741,0.1212471131639722,0.3926096997690531,0.0612009237875288,0.0415704387990762,0.0612009237875288,0.0,0,2
24480,0,81,0,0,1,38.734299213777895,-9.134376878601522,0,11,1,82,0.1998538838472136,4,301,9,106,106,405,48,52,53,0,0.2787037037037037,0.0083333333333333,0.0981481481481481,0.0981481481481481,0.375,0.0444444444444444,0.0481481481481481,0.049074074074074,0.0,0,2
24538,1,61,0,1,0,38.77182938173051,-9.190120747636366,0,10,1,114,0.1996520939418139,9,218,12,102,103,391,27,55,41,0,0.2297154899894626,0.0126448893572181,0.107481559536354,0.1085353003161222,0.4120126448893572,0.0284510010537407,0.0579557428872497,0.0432033719704952,0.0,0,2
24732,1,63,0,1,1,38.7617547156293,-9.144824843209586,0,10,1,91,0.2012533108854665,2,177,12,102,99,409,44,43,49,0,0.1893048128342246,0.0128342245989304,0.109090909090909,0.1058823529411764,0.4374331550802139,0.0470588235294117,0.0459893048128342,0.0524064171122994,0.0,0,2
24805,0,60,0,0,0,38.70960415480533,-9.177580678439313,0,11,1,116,0.1999200559502266,3,55,9,102,97,361,58,38,37,0,0.0726552179656539,0.011889035667107,0.1347424042272126,0.1281373844121532,0.4768824306472919,0.0766182298546895,0.0501981505944517,0.0488771466314399,0.0,0,2
24806,0,68,0,1,0,38.72782884176352,-9.146989182278562,0,11,1,110,0.1969971636377535,3,280,12,97,103,233,61,42,50,0,0.3189066059225512,0.0136674259681093,0.1104783599088838,0.1173120728929384,0.265375854214123,0.0694760820045558,0.0478359908883826,0.0569476082004555,0.0,0,2
24853,1,73,0,1,0,38.75273419622893,-9.179639382148665,0,10,1,88,0.2066275958173516,5,222,10,102,95,275,61,29,47,0,0.2639714625445897,0.0118906064209274,0.1212841854934601,0.1129607609988109,0.3269916765755054,0.0725326991676575,0.0344827586206896,0.0558858501783591,0.0,0,2
25030,1,66,0,1,0,38.76940445113358,-9.196587173221964,0,10,1,113,0.1846114064816168,1,228,12,103,104,419,88,32,59,0,0.2181818181818181,0.0114832535885167,0.0985645933014354,0.0995215311004784,0.400956937799043,0.0842105263157894,0.0306220095693779,0.0564593301435406,0.0,0,2
25047,1,60,0,1,1,38.71536469778332,-9.138899004374125,0,10,1,94,0.2010680191714902,7,182,11,95,99,153,41,45,55,0,0.2672540381791483,0.0161527165932452,0.1395007342143906,0.145374449339207,0.224669603524229,0.0602055800293685,0.066079295154185,0.0807635829662261,0.0,0,2
25083,1,72,0,1,1,38.78674111514349,-9.14224813118512,0,11,1,103,0.1965004100028383,6,181,9,99,90,235,14,99,49,0,0.2332474226804123,0.0115979381443298,0.1275773195876288,0.1159793814432989,0.3028350515463917,0.018041237113402,0.1275773195876288,0.0631443298969072,0.0,0,2
25338,1,76,0,0,0,38.763267955956415,-9.17480092285551,0,10,1,99,0.2049880718585662,3,245,6,100,95,390,47,50,56,0,0.2477249747219413,0.006066734074823,0.1011122345803842,0.096056622851365,0.3943377148634985,0.0475227502527805,0.0505561172901921,0.0566228513650151,0.0,0,2
25382,1,76,0,0,1,38.71421725366164,-9.148582207793206,0,11,1,95,0.1984043272429817,9,155,10,97,98,274,76,54,51,0,0.1901840490797546,0.0122699386503067,0.1190184049079754,0.1202453987730061,0.3361963190184049,0.0932515337423312,0.0662576687116564,0.0625766871165644,0.0,0,2
25509,1,79,0,0,0,38.71514205985884,-9.134751588921512,0,9,1,89,0.1957896121021879,5,155,7,93,101,369,85,27,51,0,0.1745495495495495,0.0078828828828828,0.1047297297297297,0.1137387387387387,0.4155405405405405,0.0957207207207207,0.0304054054054054,0.0574324324324324,0.0,0,2
25621,0,80,0,1,1,38.77873912217951,-9.20868409748197,0,8,1,110,0.1932631271522742,3,257,14,106,100,327,66,65,49,0,0.2611788617886179,0.0142276422764227,0.1077235772357723,0.1016260162601626,0.3323170731707317,0.0670731707317073,0.0660569105691056,0.0497967479674796,0.0,0,2
25640,0,72,0,1,0,38.78376023234302,-9.204262236836732,0,10,1,104,0.1942629572708624,3,219,11,102,93,268,50,2,50,0,0.2754716981132075,0.0138364779874213,0.1283018867924528,0.1169811320754717,0.3371069182389937,0.0628930817610062,0.0025157232704402,0.0628930817610062,0.0,0,2
25765,1,71,0,1,1,38.75265457324274,-9.175367259865457,0,10,1,91,0.205713064321933,4,195,10,97,96,301,56,49,53,0,0.2275379229871645,0.0116686114352392,0.1131855309218203,0.1120186697782963,0.3512252042007001,0.0653442240373395,0.0571761960326721,0.0618436406067677,0.0,0,2
25869,1,62,0,0,1,38.74535679215558,-9.19279371117802,0,9,1,105,0.1940140513482851,4,155,8,105,98,498,68,43,55,0,0.1504854368932038,0.0077669902912621,0.1019417475728155,0.0951456310679611,0.4834951456310679,0.0660194174757281,0.0417475728155339,0.0533980582524271,0.0,0,2
25913,0,69,0,1,1,38.767991753432646,-9.1634424257353,0,12,1,108,0.1960692497424499,2,193,12,97,100,437,38,59,49,0,0.1959390862944162,0.0121827411167512,0.098477157360406,0.1015228426395939,0.4436548223350254,0.0385786802030456,0.0598984771573604,0.049746192893401,0.0,0,2
26069,0,65,0,1,0,38.749685478746585,-9.205606275727376,0,12,1,107,0.2003564883809999,6,237,13,98,100,414,58,64,48,0,0.2296511627906976,0.0125968992248062,0.0949612403100775,0.0968992248062015,0.4011627906976744,0.0562015503875969,0.0620155038759689,0.0465116279069767,0.0,0,2
26097,1,72,0,0,0,38.71066031744829,-9.179536368984314,0,10,1,105,0.1973858715600135,5,213,8,92,100,236,77,65,52,0,0.2526690391459075,0.0094899169632265,0.1091340450771055,0.1186239620403321,0.2799525504151838,0.0913404507710557,0.0771055753262159,0.0616844602609727,0.0,0,2
26213,1,77,0,0,0,38.72655507737632,-9.170326121113057,0,9,1,104,0.2060017869104921,3,180,10,101,98,430,35,54,45,0,0.1888772298006296,0.0104931794333683,0.1059811122770199,0.1028331584470094,0.4512067156348373,0.036726128016789,0.0566631689401888,0.0472193074501574,0.0,0,2
26238,0,63,0,0,1,38.73929472210252,-9.20828872106662,0,12,1,97,0.1958142350978937,4,230,9,96,103,260,27,58,49,0,0.2764423076923077,0.0108173076923076,0.1153846153846153,0.1237980769230769,0.3125,0.032451923076923,0.0697115384615384,0.0588942307692307,0.0,0,2
26367,1,62,0,1,1,38.77551294578343,-9.152455785329748,0,10,1,93,0.2000791949938675,5,240,11,110,105,222,43,21,54,0,0.2977667493796526,0.0136476426799007,0.1364764267990074,0.130272952853598,0.2754342431761786,0.053349875930521,0.0260545905707196,0.0669975186104218,0.0,0,2
26401,0,75,0,1,0,38.74287760205214,-9.209280134835986,0,9,1,101,0.1948574251646326,1,165,5,100,97,176,30,53,50,0,0.2440828402366864,0.007396449704142,0.1479289940828402,0.143491124260355,0.2603550295857988,0.044378698224852,0.0784023668639053,0.0739644970414201,0.0,0,2
26604,0,79,0,0,0,38.76763446994686,-9.137309425100783,0,10,1,94,0.2060941784246598,6,158,12,92,107,283,57,56,54,0,0.1929181929181929,0.0146520146520146,0.1123321123321123,0.1306471306471306,0.3455433455433455,0.0695970695970696,0.0683760683760683,0.0659340659340659,0.0,0,2
26689,0,66,0,1,0,38.73101297212779,-9.142411002696404,0,10,1,90,0.1943933015960679,3,169,8,116,103,355,51,38,53,0,0.1892497200447928,0.0089585666293393,0.1298992161254199,0.1153415453527435,0.3975363941769317,0.057110862262038,0.0425531914893617,0.0593505039193729,0.0,0,2
26807,1,72,0,1,1,38.71664580013603,-9.191429320715748,0,10,1,100,0.196856492659775,7,189,10,94,92,382,75,51,47,0,0.201063829787234,0.0106382978723404,0.1,0.0978723404255319,0.4063829787234042,0.0797872340425532,0.0542553191489361,0.05,0.0,0,2
26925,1,74,0,0,1,38.78821027710215,-9.167375510113304,0,11,1,106,0.1982286460816416,5,214,9,99,99,297,54,54,58,0,0.2420814479638009,0.0101809954751131,0.1119909502262443,0.1119909502262443,0.335972850678733,0.0610859728506787,0.0610859728506787,0.0656108597285067,0.0,0,2
27074,0,83,0,1,0,38.71639120402606,-9.208722321431807,0,11,1,94,0.2015828935855145,5,203,8,101,105,295,65,28,46,0,0.2385428907168037,0.0094007050528789,0.1186839012925969,0.1233842538190364,0.3466509988249118,0.0763807285546415,0.0329024676850763,0.054054054054054,0.0,0,2
27191,1,76,0,1,0,38.75813928730843,-9.157956968330728,0,9,1,104,0.1945709423482851,3,229,8,95,94,251,52,26,55,0,0.282716049382716,0.0098765432098765,0.1172839506172839,0.1160493827160493,0.3098765432098765,0.0641975308641975,0.0320987654320987,0.0679012345679012,0.0,0,2
27281,0,77,0,1,1,38.77637196792983,-9.189613159946624,0,9,1,108,0.1968965007016925,2,175,9,102,101,455,47,32,54,0,0.1794871794871795,0.0092307692307692,0.1046153846153846,0.1035897435897435,0.4666666666666667,0.0482051282051282,0.0328205128205128,0.0553846153846153,0.0,0,2
27553,0,67,0,1,1,38.777116924108114,-9.16306047645272,0,10,1,93,0.1968360960337715,7,178,7,114,100,241,33,50,58,0,0.2279129321382842,0.0089628681177976,0.145966709346991,0.1280409731113956,0.3085787451984635,0.0422535211267605,0.0640204865556978,0.0742637644046094,0.0,0,2
27744,1,69,0,1,0,38.77280385165978,-9.14271691591142,0,9,1,102,0.2026642619464663,4,212,9,99,96,207,35,76,53,0,0.2693773824650571,0.0114358322744599,0.1257941550190597,0.121982210927573,0.2630241423125794,0.0444726810673443,0.096569250317662,0.0673443456162642,0.0,0,2
27775,0,66,0,1,1,38.75635639854819,-9.20556917094737,0,11,1,107,0.1964287459657562,3,220,11,98,104,285,41,53,49,0,0.2555168408826945,0.0127758420441347,0.1138211382113821,0.1207897793263647,0.3310104529616725,0.0476190476190476,0.0615563298490127,0.056910569105691,0.0,0,2
27971,1,69,0,1,1,38.72040160104868,-9.208151985806834,0,8,1,112,0.1959282782527942,3,140,11,106,100,250,58,24,43,0,0.1912568306010929,0.0150273224043715,0.1448087431693989,0.1366120218579235,0.3415300546448087,0.0792349726775956,0.0327868852459016,0.0587431693989071,0.0,0,2
28092,1,68,0,0,1,38.72257149777979,-9.152342046445394,0,9,1,101,0.1961998448175682,1,151,10,99,106,236,38,29,52,0,0.2094313453536754,0.0138696255201109,0.1373092926490984,0.1470180305131761,0.3273231622746186,0.0527045769764216,0.0402219140083217,0.0721220527045769,0.0,0,2
28098,1,76,0,0,0,38.716697533806666,-9.184483358356456,0,9,1,111,0.2022467701768069,5,68,9,108,92,178,79,68,52,0,0.1039755351681957,0.0137614678899082,0.1651376146788991,0.1406727828746177,0.2721712538226299,0.1207951070336391,0.1039755351681957,0.0795107033639143,0.0,0,2
28335,0,70,0,1,1,38.74231867193085,-9.160583186669705,0,10,1,109,0.2011644109183027,4,142,12,100,108,426,41,70,61,0,0.1479166666666666,0.0125,0.1041666666666666,0.1125,0.44375,0.0427083333333333,0.0729166666666666,0.0635416666666666,0.0,0,2
28339,1,80,0,0,1,38.78614125677094,-9.199726811914765,0,10,1,91,0.1938828069288613,7,272,8,98,100,384,19,75,44,0,0.272,0.008,0.098,0.1,0.384,0.019,0.075,0.044,0.0,0,2
28363,1,80,0,1,1,38.77242989152512,-9.143472376474026,0,11,1,90,0.19927383858504,6,138,10,101,93,247,44,65,48,0,0.1849865951742627,0.0134048257372654,0.1353887399463807,0.1246648793565683,0.3310991957104557,0.0589812332439678,0.0871313672922252,0.064343163538874,0.0,0,2
28392,1,62,0,0,1,38.73041269839117,-9.199572760022798,0,10,1,106,0.1970273828919777,6,121,10,96,103,192,62,37,36,0,0.1841704718417047,0.015220700152207,0.1461187214611872,0.1567732115677321,0.2922374429223744,0.0943683409436834,0.0563165905631659,0.0547945205479452,0.0,0,2
28460,0,68,0,0,0,38.75916218323592,-9.142191593021623,0,11,1,103,0.2048017725476165,1,219,6,99,99,381,64,40,54,0,0.2276507276507276,0.0062370062370062,0.1029106029106029,0.1029106029106029,0.396049896049896,0.0665280665280665,0.0415800415800415,0.0561330561330561,0.0,0,2
28492,0,70,0,0,1,38.77159355305812,-9.18956194852862,0,10,1,110,0.1990922770798394,3,229,10,107,99,321,55,24,50,0,0.2558659217877095,0.0111731843575419,0.1195530726256983,0.1106145251396648,0.358659217877095,0.0614525139664804,0.0268156424581005,0.0558659217877094,0.0,0,2
28647,1,66,0,0,0,38.72659008044429,-9.135037392146897,0,10,1,88,0.195565136056706,6,150,12,98,103,260,25,73,49,0,0.1948051948051948,0.0155844155844155,0.1272727272727272,0.1337662337662337,0.3376623376623376,0.0324675324675324,0.0948051948051948,0.0636363636363636,0.0,0,2
28652,0,77,0,0,1,38.76006733136351,-9.176231735095696,0,10,1,95,0.1957310847095905,1,239,10,104,97,198,37,76,56,0,0.2925336597307221,0.0122399020807833,0.1272949816401468,0.1187270501835985,0.2423500611995104,0.0452876376988984,0.0930232558139534,0.0685434516523867,0.0,0,2
28673,0,80,0,0,0,38.74751714676983,-9.174519840630762,0,11,1,84,0.1977848573232047,3,228,13,99,101,156,5,36,50,0,0.3313953488372093,0.0188953488372093,0.1438953488372093,0.1468023255813953,0.2267441860465116,0.0072674418604651,0.0523255813953488,0.0726744186046511,0.0,0,2
28680,1,66,0,0,1,38.72824718918576,-9.197350483256225,0,9,1,99,0.196780282616769,4,131,9,96,99,348,17,49,50,0,0.1639549436795995,0.0112640801001251,0.1201501877346683,0.1239048811013767,0.4355444305381727,0.0212765957446808,0.0613266583229036,0.0625782227784731,0.0,0,2
28698,0,80,0,1,1,38.72466061199592,-9.17910556699304,0,11,1,99,0.1973202762342384,0,324,9,95,104,298,60,64,45,0,0.3243243243243243,0.009009009009009,0.095095095095095,0.1041041041041041,0.2982982982982983,0.06006006006006,0.064064064064064,0.045045045045045,0.0,0,2
28965,1,72,0,0,0,38.71129073242037,-9.138775465385988,0,10,1,92,0.1948906936359635,8,167,9,102,101,212,61,70,51,0,0.2160413971539456,0.0116429495472186,0.1319534282018111,0.130659767141009,0.2742561448900388,0.0789133247089262,0.0905562742561448,0.0659767141009055,0.0,0,2
29114,0,68,0,0,1,38.72655253472569,-9.174576686124784,0,9,1,106,0.1965324249462488,4,167,12,102,96,265,52,56,50,0,0.20875,0.015,0.1275,0.12,0.33125,0.065,0.07,0.0625,0.0,0,2
29118,0,67,0,0,0,38.73872485007753,-9.174136281473997,0,10,1,97,0.2042031635296456,2,168,14,101,100,272,41,28,52,0,0.2164948453608247,0.018041237113402,0.1301546391752577,0.1288659793814432,0.3505154639175257,0.0528350515463917,0.0360824742268041,0.0670103092783505,0.0,0,2
29173,0,66,0,1,1,38.78210917727693,-9.1831616013694,0,11,1,99,0.1944990081975584,8,176,8,98,103,417,62,64,45,0,0.1808838643371017,0.0082219938335046,0.1007194244604316,0.105858170606372,0.4285714285714285,0.0637204522096608,0.065775950668037,0.0462487153134635,0.0,0,2
29253,1,77,0,1,1,38.720234703307725,-9.184459704005794,0,10,1,110,0.1983503333464103,4,210,11,105,94,293,51,52,56,0,0.2408256880733945,0.0126146788990825,0.1204128440366972,0.1077981651376146,0.3360091743119266,0.05848623853211,0.0596330275229357,0.0642201834862385,0.0,0,2
29435,1,76,0,0,1,38.716275697605205,-9.195761156756909,0,10,1,105,0.1983056148230111,4,300,11,111,98,440,55,114,46,0,0.2553191489361702,0.0093617021276595,0.0944680851063829,0.0834042553191489,0.3744680851063829,0.0468085106382978,0.0970212765957446,0.0391489361702127,0.0,0,2
29635,0,81,0,0,1,38.71806671213311,-9.197412398718903,0,10,1,88,0.2022371478919025,4,190,10,110,109,442,26,55,49,0,0.1917255297679112,0.0100908173562058,0.1109989909182643,0.1099899091826438,0.4460141271442986,0.0262361251261352,0.0554994954591321,0.0494450050454086,0.0,0,2
29697,1,68,0,0,1,38.77730853206671,-9.14191258722088,0,11,1,111,0.1963569084295964,0,130,6,104,105,433,38,40,49,0,0.143646408839779,0.0066298342541436,0.1149171270718232,0.1160220994475138,0.4784530386740331,0.041988950276243,0.0441988950276243,0.0541436464088397,0.0,0,2
29702,1,61,0,1,0,38.71104048870915,-9.183282199094798,0,10,1,96,0.2040125764152254,3,180,11,97,102,262,26,92,55,0,0.2181818181818181,0.0133333333333333,0.1175757575757575,0.1236363636363636,0.3175757575757575,0.0315151515151515,0.1115151515151515,0.0666666666666666,0.0,0,2
29891,1,59,0,0,1,38.779539648724246,-9.136258946612507,0,11,1,118,0.1986250029630314,6,228,11,107,96,507,55,86,50,0,0.2,0.0096491228070175,0.093859649122807,0.0842105263157894,0.4447368421052631,0.0482456140350877,0.075438596491228,0.043859649122807,0.0,0,2
29943,0,83,0,0,0,38.73620906170846,-9.17938061393368,0,10,1,86,0.2053169037186666,2,258,10,96,94,166,70,101,46,0,0.3067776456599286,0.0118906064209274,0.1141498216409036,0.1117717003567182,0.1973840665873959,0.0832342449464922,0.1200951248513674,0.0546967895362663,0.0,0,2
29975,1,62,0,0,1,38.78608104410529,-9.145054291698584,0,10,1,100,0.2099449582268671,2,200,9,108,107,290,46,43,56,0,0.2328288707799767,0.0104772991850989,0.1257275902211874,0.1245634458672875,0.3376018626309662,0.0535506402793946,0.0500582072176949,0.0651920838183934,0.0,0,2
